Rk,Player,Pos,Age,Tm,G,GS,MP,FG,FGA,FG%,3P,3PA,3P%,2P,2PA,2P%,eFG%,FT,FTA,FT%,ORB,DRB,TRB,AST,STL,BLK,TOV,PF,PTS
1,Precious Achiuwa,C,24,TOR,14,0,18.1,2.9,6.8,0.432,0.4,1.6,0.261,2.5,5.1,0.486,0.463,1,1.8,0.56,2.3,3.9,6.1,2,0.6,0.4,1.3,1.8,7.3
2,Bam Adebayo,C,26,MIA,16,16,33.6,8.3,15.8,0.522,0.1,0.2,0.333,8.2,15.6,0.524,0.524,5.7,7,0.813,2.1,7.9,9.9,3.9,1.2,1,2.4,2.4,22.3
3,Ochai Agbaji,SG,23,UTA,20,8,20.1,2.2,4.8,0.458,1.2,3,0.39,1.1,1.9,0.568,0.578,0.2,0.3,0.667,0.9,1.8,2.7,1.1,0.6,0.6,0.8,1.5,5.8
4,Santi Aldama,PF,23,MEM,13,4,27.2,5.5,12.2,0.453,1.8,5.7,0.311,3.8,6.5,0.576,0.525,1.1,1.8,0.609,1.5,4.8,6.3,1.9,0.8,0.7,1.2,1.8,13.9
5,Nickeil Alexander-Walker,SG,25,MIN,19,8,23.5,2.5,6.2,0.41,1.4,3.9,0.347,1.2,2.2,0.524,0.521,0.3,0.6,0.455,0.4,1.7,2.2,2.7,0.9,0.7,1.1,1.9,6.7
6,Grayson Allen,SG,28,PHO,18,18,32.8,4,8.2,0.486,2.2,4.8,0.465,1.8,3.4,0.516,0.622,1.6,1.8,0.879,0.8,3.8,4.6,2.9,0.6,0.4,1.6,2.3,11.8
7,Jarrett Allen,C,25,CLE,15,15,29.4,5.5,8,0.692,0,0,,5.5,8,0.692,0.692,2.7,3.7,0.745,3.2,4.9,8.1,2.3,0.5,1.1,1.7,2.7,13.8
8,Jose Alvarado,PG,25,NOP,7,0,16.1,2.7,6.7,0.404,1.3,3.4,0.375,1.4,3.3,0.435,0.5,0.3,0.9,0.333,0.6,1.4,2,2,1,0.1,1,1.3,7
9,Kyle Anderson,PF,30,MIN,19,0,24.2,2.8,5.6,0.5,0.1,0.6,0.167,2.7,4.9,0.543,0.509,1.6,2.3,0.682,0.8,3,3.8,4,0.8,0.8,1.6,1.5,7.3
10,Giannis Antetokounmpo,PF,29,MIL,19,19,34.3,11.5,19,0.607,0.4,1.8,0.229,11.1,17.2,0.647,0.618,6.5,9.9,0.654,2.8,8,10.8,4.9,1.4,1.4,4.2,3.1,29.9
11,Thanasis Antetokounmpo,PF,31,MIL,7,0,6.3,0.4,1.1,0.375,0,0,,0.4,1.1,0.375,0.375,0,0,,0.3,0.3,0.6,0.6,0.1,0.1,0.6,1,0.9
12,Cole Anthony,PG,23,ORL,20,0,25.8,4.9,11.1,0.443,1.5,3.9,0.372,3.5,7.2,0.483,0.509,4,4.7,0.849,1.1,3.5,4.6,3.6,0.8,0.5,2.1,3,15.2
13,OG Anunoby,SF,26,TOR,16,16,31.8,5.5,11.9,0.463,2.5,6.3,0.4,3,5.6,0.533,0.568,1.1,1.8,0.586,1.1,3.1,4.1,2.1,1.1,0.8,1.8,2.4,14.6
14,Ryan Arcidiacono,PG,29,NYK,5,0,2.2,0,0.2,0,0,0.2,0,0,0,,0,0,0,,0,0.4,0.4,0,0,0,0,0,0
15,Deni Avdija,SF,23,WAS,19,19,26.6,4.8,9.2,0.526,1.1,2.7,0.385,3.8,6.5,0.585,0.583,1.5,1.8,0.829,1.3,3.9,5.3,3.7,0.9,0.3,1.4,2.3,12.3
16,Deandre Ayton,C,25,POR,18,18,31.9,6,10.2,0.587,0,0,,6,10.2,0.587,0.587,0.9,1.2,0.81,3.1,7.7,10.8,1.6,1.2,0.7,1.9,2.6,12.9
17,Udoka Azubuike,C,24,PHO,2,0,4.5,0.5,0.5,1,0,0,,0.5,0.5,1,1,0,0,,0,2,2,0,0,0,0,0.5,1
18,Marvin Bagley III,C,24,DET,19,6,18.1,3.8,6.7,0.575,0.1,0.3,0.2,3.8,6.4,0.59,0.579,2.1,2.4,0.87,1.8,2.9,4.8,1.2,0.1,0.6,1.2,1.5,9.8
19,Amari Bailey,PG,19,CHO,1,0,3,1,3,0.333,0,0,,1,3,0.333,0.333,0,0,,2,0,2,0,0,0,0,0,2
20,Patrick Baldwin Jr.,SF,21,WAS,3,0,3.7,0,0.7,0,0,0.3,0,0,0.3,0,0,0,0,,0,0.3,0.3,0.3,0,0,0,0.3,0
21,LaMelo Ball,PG,22,CHO,15,15,33.4,8.8,19.9,0.443,3.5,8.9,0.388,5.3,10.9,0.488,0.53,3.6,4.2,0.857,1.5,3.9,5.5,8.2,1.4,0.3,3.9,3.5,24.7
22,Mo Bamba,C,25,PHI,9,0,6.3,1.4,2.7,0.542,0.3,0.8,0.429,1.1,1.9,0.588,0.604,0.7,0.9,0.75,1.3,1,2.3,0.1,0.1,0.8,0.7,0.8,3.9
23,Paolo Banchero,PF,21,ORL,20,20,33.4,7.1,14.7,0.481,1.4,3.1,0.443,5.7,11.6,0.491,0.527,4.1,6.1,0.669,1.4,5.5,6.9,4.9,1.1,0.6,3.1,2.3,19.5
24,Desmond Bane,SG,25,MEM,19,19,34,8.6,19.1,0.453,3.3,8.8,0.369,5.4,10.2,0.526,0.539,3.3,3.8,0.849,0.9,3.5,4.4,5.2,1.4,0.7,2.7,3.1,23.8
25,Dalano Banton,PG,24,BOS,9,1,8.9,1.4,2.9,0.5,0.1,0.8,0.143,1.3,2.1,0.632,0.519,0.6,0.7,0.833,1,1.3,2.3,0.4,0.2,0.2,0.2,1.2,3.6
26,Dominick Barlow,PF,20,SAS,7,0,5,0.4,1,0.429,0,0,,0.4,1,0.429,0.429,0.3,0.6,0.5,0,0.7,0.7,0,0.1,0,0,0.3,1.1
27,Harrison Barnes,PF,31,SAC,18,18,31.4,4.2,8.7,0.481,1.8,4.8,0.379,2.3,3.8,0.609,0.587,2.1,2.5,0.844,0.8,2.4,3.2,1.5,0.8,0.1,0.8,1.2,12.3
28,Scottie Barnes,SG,22,TOR,20,20,34.8,7.3,15.7,0.466,2,5.1,0.382,5.4,10.6,0.507,0.529,3.1,4,0.772,2.7,6.4,9.1,5.5,1.8,1.3,2.3,2.1,19.6
29,RJ Barrett,SG,23,NYK,14,14,29.3,6.3,14.9,0.421,2,5.1,0.389,4.3,9.8,0.438,0.488,4,4.8,0.836,0.5,3.1,3.6,2.7,0.5,0.2,2,1.6,18.6
30,Charles Bassey,C,23,SAS,19,0,10.8,1.5,2.1,0.725,0,0.1,0,1.5,2.1,0.744,0.725,0.3,0.3,0.833,1.2,2.8,4,1.1,0.4,0.9,0.8,1.6,3.3
31,Emoni Bates,SF,20,CLE,7,0,7.4,0.6,2.1,0.267,0.4,1.7,0.25,0.1,0.4,0.333,0.367,0.1,0.3,0.5,0.1,1.1,1.3,0.3,0.1,0.1,0.1,0.3,1.7
32,Keita Bates-Diop,SF,28,PHO,17,7,19.5,2.1,4.9,0.417,0.5,1.9,0.281,1.5,3.1,0.5,0.47,1.4,1.8,0.767,1.1,2.4,3.4,0.9,0.7,0.8,0.2,1.1,6
33,Nicolas Batum,PF,35,TOT,13,7,23.7,2.1,3.7,0.563,1.5,3,0.513,0.5,0.7,0.778,0.771,0.2,0.3,0.75,0.9,2.8,3.7,1.6,0.7,0.8,0.5,2.1,5.9
33,Nicolas Batum,PF,35,LAC,3,0,18,1,2.7,0.375,0.7,2.3,0.286,0.3,0.3,1,0.5,0,0,,0,2.3,2.3,1.7,1,1.3,0.3,1.7,2.7
33,Nicolas Batum,PF,35,PHI,10,7,25.4,2.4,4,0.6,1.8,3.2,0.563,0.6,0.8,0.75,0.825,0.3,0.4,0.75,1.2,2.9,4.1,1.6,0.6,0.7,0.6,2.2,6.9
34,Bradley Beal,SG,30,PHO,3,3,28.7,6,15.3,0.391,1.7,5,0.333,4.3,10.3,0.419,0.446,3.7,5.3,0.688,1,4.3,5.3,3.7,0.7,0.3,3,3,17.3
35,Malik Beasley,SG,27,MIL,20,20,29.2,4.3,8.9,0.48,2.9,6.5,0.45,1.4,2.4,0.563,0.644,0.4,0.6,0.667,0.6,3.9,4.5,1.5,1,0.2,0.8,2,11.8
36,MarJon Beauchamp,SF,23,MIL,16,0,16.2,2,4.4,0.451,0.9,2.1,0.412,1.1,2.3,0.486,0.549,0.5,0.8,0.667,0.6,1.8,2.4,1,0.3,0.2,0.7,1.9,5.4
37,D?vis Bert?ns,PF,31,OKC,6,0,9.5,1,2.7,0.375,1,2.5,0.4,0,0.2,0,0.563,2.3,2.5,0.933,0,0.8,0.8,0.8,0.3,0.2,0,1.3,5.3
38,Patrick Beverley,PG,35,PHI,19,1,18.2,1.7,3.8,0.444,0.6,1.9,0.306,1.1,1.9,0.583,0.521,0.6,0.8,0.688,0.9,2.3,3.2,2.5,0.5,0.3,0.7,2.1,4.5
39,Saddiq Bey,SF,24,ATL,19,7,29.2,4.5,8.8,0.512,1.8,4.5,0.4,2.7,4.4,0.627,0.613,1.5,1.9,0.784,1.9,3.9,5.8,1.2,1.1,0.2,1.2,1.6,12.4
40,Goga Bitadze,C,24,ORL,18,15,19.9,2.5,4.6,0.542,0.1,0.2,0.25,2.4,4.4,0.557,0.548,1.6,2.2,0.725,2.1,3.9,6,1.8,0.8,1.4,0.7,2.4,6.7
41,Onuralp Bitim,SG,24,CHI,1,0,3,0,0,,0,0,,0,0,,,0,0,,0,0,0,0,0,0,0,0,0
42,Bismack Biyombo,C,31,MEM,14,13,25.4,2.7,4.6,0.585,0,0,,2.7,4.6,0.585,0.585,1.3,2.1,0.6,2.7,4.3,7,2,0.4,1.4,1.2,2.9,6.7
43,Anthony Black,PG,20,ORL,18,14,19.1,1.8,3.8,0.471,0.4,1.3,0.292,1.4,2.4,0.568,0.522,0.7,1.1,0.65,0.6,1.7,2.3,1.5,0.3,0.4,1.1,2.1,4.7
44,Leaky Black,SF,24,CHO,4,0,4.3,0.5,1.3,0.4,0.3,0.5,0.5,0.3,0.8,0.333,0.5,0,0,,0,0.5,0.5,0.3,0.3,0.5,0,0.3,1.3
45,Bogdan Bogdanovi?,SG,31,ATL,19,1,26.5,5.7,12.7,0.452,3.1,7.8,0.389,2.7,4.8,0.554,0.573,1.2,1.3,0.92,0.4,2.7,3.1,2.3,1.5,0.4,1.3,2.4,15.7
46,Bojan Bogdanovi?,PF,34,DET,1,0,27,7,15,0.467,3,10,0.3,4,5,0.8,0.567,5,6,0.833,1,1,2,2,1,0,1,1,22
47,Bol Bol,PF,24,PHO,3,0,2.3,0.3,0.3,1,0,0,,0.3,0.3,1,1,0,0,,0,0.3,0.3,0,0,0.3,0.7,0,0.7
48,Marques Bolden,C,25,MIL,1,0,3,0,0,,0,0,,0,0,,,0,0,,0,2,2,0,0,0,0,1,0
49,Devin Booker,SG,27,PHO,11,11,34.2,9.1,19.3,0.472,2.1,5.3,0.397,7,14,0.5,0.526,7.6,8.2,0.933,1,4.8,5.8,8.4,0.7,0.5,2.9,2.9,27.9
50,Chris Boucher,PF,31,TOR,18,0,14.9,2.2,4.8,0.465,0.8,1.8,0.424,1.4,2.9,0.491,0.547,1.7,2.1,0.816,1.3,2.6,3.9,0.4,0.4,0.5,0.4,1.8,6.9
51,James Bouknight,SG,23,CHO,1,0,5,2,3,0.667,1,2,0.5,1,1,1,0.833,0,0,,1,0,1,0,0,0,0,0,5
52,Jamaree Bouyea,PG,24,POR,6,0,9.5,0.8,3.5,0.238,0,1.3,0,0.8,2.2,0.385,0.238,0,0,,0.3,1.3,1.7,1.3,0,0,1.3,0.5,1.7
53,Malaki Branham,SG,20,SAS,19,8,20.6,3.4,8.2,0.419,0.9,3.3,0.29,2.5,4.9,0.505,0.477,0.4,0.5,0.889,0.2,1.2,1.4,2.2,0.4,0.1,1.2,1.3,8.2
54,Christian Braun,SG,22,DEN,21,0,20.9,3.5,7.3,0.474,0.7,1.6,0.412,2.8,5.7,0.492,0.519,1.3,1.8,0.73,0.9,3.3,4.2,2,0.4,0.2,0.7,1.6,8.9
55,Mikal Bridges,SF,27,BRK,19,19,35,8.3,17.2,0.48,2.1,5.9,0.357,6.2,11.3,0.544,0.541,4.2,4.9,0.851,1.2,5.1,6.2,3.9,1.1,0.5,2.5,1.8,22.8
56,Miles Bridges,SF,25,CHO,8,6,36.3,7.4,14.8,0.5,2,4.5,0.444,5.4,10.3,0.524,0.568,3.8,4.5,0.833,0.9,6.1,7,2.8,1.3,0.4,1.6,2.1,20.5
57,Oshae Brissett,SF,25,BOS,8,0,11.3,0.4,2.1,0.176,0.1,1.1,0.111,0.3,1,0.25,0.206,0.9,1.5,0.583,1,1.6,2.6,0.4,0.5,0,0.3,1.1,1.8
58,Malcolm Brogdon,PG,31,POR,14,9,29.2,6.5,15.6,0.417,2.1,5.6,0.385,4.4,10,0.436,0.486,3.1,3.9,0.796,1.1,3.1,4.2,6.4,0.9,0.2,1.9,1.3,18.2
59,Armoni Brooks,PG,25,BRK,5,0,9,1.2,3.4,0.353,1,2.6,0.385,0.2,0.8,0.25,0.5,0,0,,0.4,1.6,2,0,0,0,0.2,0.2,3.4
60,Dillon Brooks,SF,28,HOU,17,17,30.7,4.8,9.9,0.479,1.8,4,0.441,3,5.9,0.505,0.568,1.9,2.4,0.825,0.7,2.6,3.4,1.8,0.9,0.1,1.8,4.1,13.2
61,Bruce Brown,SG,27,IND,18,18,31.8,4.7,9.7,0.489,1.4,3.8,0.362,3.3,5.8,0.571,0.56,1.8,2.2,0.825,0.5,3.7,4.2,2.8,1.1,0.3,1.1,2.3,12.7
62,Jaylen Brown,SF,27,BOS,18,18,34.5,8.3,18.4,0.449,2.4,7,0.341,5.9,11.4,0.515,0.514,2.8,4,0.708,0.6,4.4,4.9,3.4,1.2,0.6,2.4,2.8,21.8
63,Kobe Brown,PF,24,LAC,10,0,8.5,0.8,2.2,0.364,0.4,1.5,0.267,0.4,0.7,0.571,0.455,0,0,,0.3,1.2,1.5,0.5,0.1,0.1,0.1,1.4,2
64,Moses Brown,C,24,POR,3,0,4.7,1,1.7,0.6,0,0,,1,1.7,0.6,0.6,0,0.7,0,1.3,0.3,1.7,0.3,0.3,0.3,0,0.3,2
65,Troy Brown Jr.,SF,24,MIN,15,2,13.7,1.4,3.3,0.42,0.8,2.1,0.375,0.6,1.2,0.5,0.54,1.1,1.3,0.85,0.7,2.1,2.8,0.7,0.3,0.1,0.5,0.8,4.7
66,Jalen Brunson,PG,27,NYK,19,19,35.5,8.9,19.1,0.467,3.3,7,0.474,5.6,12.1,0.463,0.554,3.8,4.6,0.83,0.7,3.1,3.7,5.5,1,0.1,1.9,2.2,24.9
67,Thomas Bryant,C,26,MIA,13,3,12.9,2.1,4.2,0.5,0,0.2,0,2.1,3.9,0.529,0.5,0.9,1.2,0.8,1,2.8,3.8,0.6,0.5,0.3,0.9,1.3,5.1
68,Kobe Bufkin,SG,20,ATL,2,0,2,0,1.5,0,0,0.5,0,0,1,0,0,0.5,1,0.5,0.5,0.5,1,0,0,0,0,0,0.5
69,Reggie Bullock,SF,32,HOU,8,0,9.5,0.5,1.6,0.308,0.5,1.5,0.333,0,0.1,0,0.462,0,0,,0.3,1.4,1.6,0.4,0.1,0.1,0.3,0.9,1.5
70,Alec Burks,SG,32,DET,13,0,19.8,2.9,8.5,0.345,2,5.5,0.366,0.9,3,0.308,0.464,2.9,3.4,0.864,0.5,1.8,2.4,1.9,0.4,0.3,0.4,1.6,10.8
71,Jared Butler,SG,23,WAS,7,0,5.1,1,2.1,0.467,0.4,1.3,0.333,0.6,0.9,0.667,0.567,0.4,0.4,1,0,0.4,0.4,1.3,0.6,0.1,0.4,0.7,2.9
72,Jimmy Butler,PF,34,MIA,16,16,33.8,6.9,14.8,0.468,1.1,2.7,0.395,5.9,12.1,0.485,0.504,7.5,8.4,0.889,2.1,3.3,5.4,4,1.2,0.5,1.8,0.8,22.4
73,Jamal Cain,PF,24,MIA,6,0,12.7,1.3,2.8,0.471,0.3,1.5,0.222,1,1.3,0.75,0.529,0.3,0.8,0.4,0.5,1,1.5,0,0.7,0,0.3,0.8,3.3
74,Kentavious Caldwell-Pope,SG,30,DEN,21,21,34.3,3.9,8.7,0.451,1.6,3.9,0.407,2.3,4.8,0.485,0.541,1.8,2,0.927,0.5,1.6,2,2.7,1.7,0.4,1.3,2.1,11.2
75,Toumani Camara,PF,23,POR,19,10,24.9,2.3,5.5,0.41,0.7,2.6,0.28,1.5,2.9,0.527,0.476,1.1,1.4,0.741,1.7,2.3,4.1,1.1,0.9,0.6,1.1,2.5,6.3
76,Clint Capela,C,29,ATL,19,19,24.5,4.6,8.1,0.569,0,0,,4.6,8.1,0.569,0.569,1.5,2.4,0.609,4.6,5.5,10.1,1.1,0.7,1.7,0.8,2.3,10.6
77,Jevon Carter,PG,28,CHI,21,0,14.5,2.1,5.4,0.395,1.2,3.3,0.362,1,2.1,0.444,0.504,0,0,0,0.1,0.5,0.6,1.2,0.5,0.3,0.7,1.1,5.5
78,Wendell Carter Jr.,C,24,ORL,5,5,29.4,3.4,9,0.378,1,3.2,0.313,2.4,5.8,0.414,0.433,1.6,2.8,0.571,2.2,6.4,8.6,1.6,0.6,0.4,1.6,2.8,9.4
79,Alex Caruso,SG,29,CHI,18,7,23.4,3.4,6.3,0.54,1.7,3.6,0.477,1.7,2.7,0.625,0.677,1.2,1.5,0.778,1.1,2.2,3.3,2.3,1.4,0.8,1.3,2.3,9.7
80,Colin Castleton,C,23,LAL,3,0,7.7,0.7,1.7,0.4,0,0,,0.7,1.7,0.4,0.4,0.7,0.7,1,1,1,2,0.7,0,0,0,1.7,2
81,Malcolm Cazalon,SG,22,DET,1,0,3,0,0,,0,0,,0,0,,,0,0,,0,0,0,0,0,0,0,0,0
82,Julian Champagnie,SF,22,SAS,12,5,16.2,2.3,6.1,0.37,1.7,4.3,0.385,0.6,1.8,0.333,0.507,0.7,0.9,0.727,0.4,1.6,2,1.1,0.5,0.8,1.1,0.9,6.8
83,Max Christie,SG,20,LAL,16,5,18.3,1.9,4.7,0.4,0.7,2.2,0.314,1.2,2.5,0.475,0.473,0.6,0.8,0.833,0.2,2.8,2.9,1.1,0.4,0.3,0.8,1.6,5.1
84,Sidy Cissoko,SF,19,SAS,1,0,4,0,0,,0,0,,0,0,,,0,0,,0,0,0,0,0,0,1,0,0
85,Jordan Clarkson,SG,31,UTA,17,17,31.5,6.5,15.6,0.414,1.8,5.8,0.316,4.6,9.9,0.47,0.472,3,3.6,0.836,1.2,2.1,3.3,4.9,0.8,0.1,3.2,1.4,17.8
86,Nic Claxton,C,24,BRK,10,10,27.1,5.7,8.4,0.679,0,0,,5.7,8.4,0.679,0.679,1.3,2.2,0.591,3.5,5.2,8.7,1.5,0.6,2.6,0.8,2.5,12.7
87,Noah Clowney,PF,19,BRK,1,0,3,0,0,,0,0,,0,0,,,0,0,,0,1,1,0,0,0,0,0,0
88,Amir Coffey,SF,26,LAC,10,0,5.8,0.4,1.2,0.333,0,0.3,0,0.4,0.9,0.444,0.333,0.4,0.4,1,0.2,0.5,0.7,0.3,0.1,0,0.2,0.5,1.2
89,John Collins,PF,26,UTA,20,20,31.2,5.5,11.4,0.478,1.5,3.7,0.405,4,7.7,0.513,0.544,2,2.8,0.727,2.7,5.7,8.4,0.9,0.6,0.9,1.4,3,14.4
90,Zach Collins,C,26,SAS,19,19,29.2,5.2,10.5,0.492,1.1,4.1,0.273,4.1,6.4,0.631,0.545,2.4,3,0.807,1.9,4.1,6,3.9,0.7,0.7,2.8,3.5,13.8
91,Mike Conley,PG,36,MIN,19,19,29.5,3.5,8.1,0.438,2.1,5.1,0.412,1.4,2.9,0.482,0.569,1.2,1.3,0.958,0.5,2.4,2.9,6.2,0.9,0.1,0.9,1.8,10.4
92,Pat Connaughton,SF,31,MIL,18,0,23.1,2.1,5,0.422,1.1,3.3,0.339,1,1.7,0.581,0.533,0.4,0.7,0.667,0.7,2.8,3.5,2,0.5,0.2,0.8,1.1,5.8
93,Bilal Coulibaly,SF,19,WAS,18,1,26.3,3.1,6,0.519,1.1,2.6,0.435,2,3.4,0.581,0.611,0.9,1.3,0.667,0.4,3.3,3.8,1.6,1.1,0.7,1.4,1.8,8.2
94,Robert Covington,SF-PF,33,TOT,19,6,18.7,1.8,4.1,0.442,0.9,2.4,0.37,0.9,1.6,0.548,0.552,0.9,1.1,0.857,1.4,2.3,3.6,0.9,1.5,0.8,0.3,2,5.4
94,Robert Covington,PF,33,LAC,3,3,23,1,3,0.333,0.7,2.7,0.25,0.3,0.3,1,0.444,0.3,0.7,0.5,0.7,2,2.7,2.3,2,0.7,0,2.3,3
94,Robert Covington,SF,33,PHI,16,3,17.9,1.9,4.3,0.456,0.9,2.4,0.395,1,1.9,0.533,0.566,1.1,1.2,0.895,1.5,2.3,3.8,0.7,1.4,0.8,0.4,1.9,5.9
95,Torrey Craig,SF,33,CHI,21,7,21.4,2,4.8,0.42,0.8,2.5,0.327,1.2,2.3,0.521,0.505,0.6,0.6,0.923,1.8,3.1,4.9,1.1,0.6,0.4,0.7,2.4,5.4
96,Jae Crowder,PF,33,MIL,9,2,26.7,2.8,5.2,0.532,1.8,3.4,0.516,1,1.8,0.563,0.702,0.8,1.3,0.583,0.4,3.4,3.9,1.7,0.8,0.3,0.4,1.6,8.1
97,Cade Cunningham,PG,22,DET,20,20,35.1,8.3,19.9,0.416,2.1,6,0.35,6.2,13.9,0.444,0.469,3.8,4.2,0.893,0.5,3.4,3.9,7.3,0.9,0.2,4.4,2.8,22.4
98,Seth Curry,SG,33,DAL,14,1,11.6,1.6,4.1,0.379,0.8,2.3,0.344,0.8,1.9,0.423,0.474,0.4,0.5,0.857,0.4,1,1.4,0.9,0.6,0.1,0.3,0.9,4.4
99,Stephen Curry,PG,35,GSW,18,18,33.4,8.9,18.8,0.476,5.1,11.7,0.431,3.9,7.1,0.551,0.611,6.1,6.6,0.932,0.8,4.2,5,4.7,0.7,0.2,3.6,1.8,29.1
100,Dyson Daniels,PG,20,NOP,21,12,26.4,3,7.1,0.413,0.8,3,0.25,2.2,4.1,0.535,0.467,0.7,1.1,0.625,1,3.7,4.8,3.4,1.5,0.4,1.4,2,7.4
101,Anthony Davis,C,30,LAL,20,20,35.1,8.6,15.8,0.546,0.2,0.6,0.273,8.5,15.2,0.556,0.551,5.5,6.6,0.84,3.3,9.2,12.5,3.3,1.1,2.8,2.1,2.9,22.9
102,Johnny Davis,SG,21,WAS,14,0,9.1,1.4,2.9,0.475,0.1,0.2,0.333,1.3,2.6,0.486,0.488,0.3,0.4,0.8,0.6,0.8,1.4,0.4,0.5,0.1,0.4,0.7,3.1
103,Dexter Dennis,SG,24,DAL,2,0,3.5,1,3,0.333,0,1.5,0,1,1.5,0.667,0.333,0,0.5,0,0.5,0.5,1,0,0,0,0,0,2
104,DeMar DeRozan,SF,34,CHI,19,19,35.4,7.6,16.7,0.456,0.9,2.5,0.375,6.7,14.2,0.47,0.484,5.3,6.5,0.813,0.9,2.4,3.3,4.9,0.9,0.8,1.2,2.1,21.5
105,Moussa Diabaté,C,22,LAC,9,0,6.1,1,2,0.5,0,0,,1,2,0.5,0.5,1,1.3,0.75,1.6,0.6,2.1,0.4,0.4,0,0.2,0.4,3
106,Gradey Dick,SG,20,TOR,15,1,14.7,1.1,4.2,0.27,0.7,2.7,0.244,0.5,1.5,0.318,0.349,0.9,0.9,1,0.5,1,1.5,1,0.3,0,0.8,1.5,3.9
107,Ousmane Dieng,PF,20,OKC,12,0,10.2,1.1,3.1,0.351,0.6,2.2,0.269,0.5,0.9,0.545,0.446,0.3,0.3,0.75,0.5,1.3,1.8,0.9,0.1,0,0.3,0.6,3
108,Spencer Dinwiddie,PG,30,BRK,18,18,31.4,4.6,11.3,0.409,2.3,6.6,0.353,2.3,4.7,0.488,0.512,3.2,3.9,0.803,0.5,3.5,4,6.3,0.6,0.1,1.7,1.6,14.7
109,Donte DiVincenzo,SG,27,NYK,19,2,20.4,3.2,7.4,0.426,2.3,5.2,0.434,0.9,2.2,0.405,0.578,0.6,0.9,0.647,0.8,2.1,2.8,1.7,0.9,0.3,1.1,1.4,9.2
110,Luka Don?i?,PG,24,DAL,18,18,35.8,10.8,22,0.49,3.8,9.9,0.388,6.9,12.1,0.573,0.577,6,7.9,0.761,0.7,7.7,8.4,8.4,1.3,0.5,3.8,1.8,31.4
111,Luguentz Dort,SF,24,OKC,19,19,28.3,3.5,7.8,0.443,1.7,4.3,0.407,1.7,3.6,0.485,0.554,1.6,2.1,0.775,1.1,3,4.1,1.3,0.9,0.8,1,3,10.3
112,Ayo Dosunmu,SG,24,CHI,19,1,17.6,2.5,4.8,0.511,0.8,2.2,0.357,1.7,2.6,0.64,0.592,0.7,0.9,0.778,0.5,1.2,1.6,1.7,0.7,0.1,0.7,1.6,6.5
113,Andre Drummond,C,30,CHI,21,0,13.2,2.3,4.3,0.527,0,0,0,2.3,4.3,0.533,0.527,1.2,2.1,0.591,2.6,3.9,6.5,0.6,1,0.3,1,1.6,5.8
114,Chris Duarte,SF,26,SAC,17,5,15.1,1.6,4.2,0.394,0.8,2.5,0.333,0.8,1.7,0.483,0.493,0.6,0.8,0.714,0.2,1.8,2,0.9,0.7,0.1,0.6,2.8,4.7
115,Kris Dunn,PG,29,UTA,13,1,10.3,1.5,3.4,0.432,0.3,0.7,0.444,1.2,2.7,0.429,0.477,0.4,0.6,0.625,0.3,1.5,1.8,1.9,0.5,0.1,1.2,1.3,3.6
116,Kevin Durant,PF,35,PHO,18,18,36.6,10.6,20.6,0.512,2.2,4.5,0.494,8.3,16.1,0.517,0.566,7.7,8.6,0.896,0.3,6.2,6.4,5.8,0.8,1.2,3.6,1.8,31
117,Jalen Duren,C,20,DET,13,12,28.8,5.5,8.8,0.626,0,0.2,0,5.5,8.7,0.637,0.626,1.2,2.1,0.556,3.5,7.4,10.9,2.7,0.6,1.4,2.8,3.6,12.2
118,Tari Eason,PF,22,HOU,10,0,17.9,2.8,6,0.467,0.6,1.6,0.375,2.2,4.4,0.5,0.517,0.5,0.9,0.556,1.6,4.1,5.7,0.9,0.5,1.2,0.7,2,6.7
119,Anthony Edwards,SG,22,MIN,17,17,35.1,9.2,19.9,0.464,2.5,6.7,0.377,6.7,13.2,0.509,0.528,5.2,6.1,0.864,0.8,5.1,5.9,5,1.3,0.5,3.2,1.9,26.2
120,Kessler Edwards,SF,23,SAC,14,0,6.4,0.4,1.5,0.286,0.3,1,0.286,0.1,0.5,0.286,0.381,0.1,0.1,0.5,0.2,0.9,1.1,0.4,0.1,0.1,0.1,0.6,1.2
121,Keon Ellis,SG,24,SAC,11,2,11.2,1,2.6,0.379,0.5,2.1,0.261,0.5,0.5,0.833,0.483,0.5,1,0.545,0.4,1.1,1.5,0.9,0.5,0.4,0.5,1,3.1
122,Joel Embiid,C,29,PHI,16,16,34.5,10.3,20.7,0.498,1.1,3.4,0.315,9.3,17.3,0.534,0.524,10.3,11.8,0.878,3.3,8,11.3,6.6,1,1.9,3.7,3,32
123,Drew Eubanks,C,26,PHO,19,0,17.9,2.6,4.5,0.581,0.1,0.1,1,2.5,4.4,0.571,0.593,1.3,1.6,0.833,1.4,3.1,4.5,1.5,0.2,1.1,1.1,2.1,6.7
124,Dante Exum,PG,28,DAL,16,0,10.6,2,3.9,0.508,0.3,1.1,0.235,1.8,2.9,0.609,0.54,0.6,0.9,0.6,0.5,1.8,2.3,1.5,0.3,0.1,0.3,1,4.8
125,Bruno Fernando,C,25,ATL,5,0,3.2,0.6,1.8,0.333,0,0.2,0,0.6,1.6,0.375,0.333,0.2,0.2,1,0.6,0.2,0.8,0,0,0,0.8,0.6,1.4
126,Dorian Finney-Smith,PF,30,BRK,18,17,31.4,4.1,8.8,0.465,2.7,6,0.454,1.4,2.8,0.49,0.619,0.1,0.2,0.333,2.1,3.4,5.5,1.4,0.5,0.7,0.9,2.3,11
127,Malachi Flynn,PG,25,TOR,20,0,16.6,1.9,4.6,0.413,0.9,2.7,0.34,1,2,0.513,0.511,0.6,0.8,0.75,0.5,1.6,2.1,2.2,0.7,0.2,1,1.4,5.3
128,Simone Fontecchio,SF,28,UTA,18,5,17.7,2.6,6.1,0.431,1.6,4.3,0.377,1,1.8,0.563,0.564,0.4,0.4,0.875,0.8,1.7,2.5,1.2,0.4,0.4,1,1.4,7.2
129,Jordan Ford,PG,25,SAC,5,0,2.8,0.4,1,0.4,0.2,0.4,0.5,0.2,0.6,0.333,0.5,0.4,0.4,1,0,0.2,0.2,0.2,0,0,0,0,1.4
130,Trent Forrest,SG,25,ATL,4,0,7.8,0.3,1,0.25,0,0,,0.3,1,0.25,0.25,0.5,0.5,1,0.3,0,0.3,1.8,0,0,0.3,0.5,1
131,Evan Fournier,SG,31,NYK,1,0,16,1,6,0.167,0,4,0,1,2,0.5,0.167,0,0,,0,1,1,1,1,0,0,2,2
132,De'Aaron Fox,PG,26,SAC,13,13,36.3,10.8,22.2,0.486,3.1,8.3,0.37,7.7,13.8,0.556,0.556,5.7,7.8,0.733,1,3.7,4.7,6.6,1.6,0.4,2,2.8,30.3
133,Alex Fudge,SF,20,LAL,4,0,3.5,0.3,1.5,0.167,0,0.5,0,0.3,1,0.25,0.167,0.5,0.5,1,0.5,0,0.5,0,0,0,0.3,0.3,1
134,Markelle Fultz,PG,25,ORL,5,5,28.6,5.4,11.2,0.482,0,0.6,0,5.4,10.6,0.509,0.482,0.6,0.8,0.75,1.6,1.8,3.4,4,1.2,0.4,1.2,1.2,11.4
135,Daniel Gafford,C,25,WAS,17,17,25.1,4.2,5.9,0.703,0,0,,4.2,5.9,0.703,0.703,1.5,2.3,0.641,2.6,4.9,7.6,1.6,0.6,2.1,1.2,3.4,9.8
136,Danilo Gallinari,PF,35,WAS,17,0,15.7,2.7,5.6,0.479,0.8,2.5,0.333,1.9,3.2,0.593,0.552,1.8,2.2,0.811,0.6,2.6,3.2,1.5,0.2,0.2,0.5,1.1,8
137,Darius Garland,PG,24,CLE,15,15,33.4,7,15.1,0.463,1.6,4.8,0.333,5.4,10.3,0.523,0.515,3.7,4.5,0.821,0.5,2.1,2.7,5.9,1.5,0.3,4.3,1.5,19.3
138,Luka Garza,C,25,MIN,4,0,3.3,1,2.5,0.4,0,0.5,0,1,2,0.5,0.4,1.3,2,0.625,0.8,0.8,1.5,0,0,0,0.3,0.8,3.3
139,Kaiser Gates,SF,27,NOP,1,0,7,0,4,0,0,2,0,0,2,0,0,0,0,,0,1,1,0,0,0,0,0,0
140,Keyonte George,PG,20,UTA,20,12,26.1,3.3,9.5,0.347,1.6,5.2,0.311,1.7,4.4,0.391,0.432,2.3,3,0.78,0.6,2.7,3.3,5,0.5,0.1,2.2,1.2,10.5
141,Paul George,PF,33,LAC,19,19,35.6,8.1,18.2,0.443,3.2,8.4,0.381,4.8,9.7,0.497,0.532,4.2,4.5,0.929,0.6,5.2,5.8,4.3,1.6,0.2,2.4,3,23.5
142,Josh Giddey,SG,21,OKC,19,19,26.3,5.1,11.9,0.427,0.7,2.2,0.31,4.4,9.7,0.454,0.456,1.1,1.4,0.778,1.5,4.2,5.7,4.2,0.7,0.5,2.7,1.3,12
143,Harry Giles,C,25,BRK,2,0,6,2.5,3,0.833,0.5,1,0.5,2,2,1,0.917,0.5,0.5,1,0,1,1,0,0,0,0.5,1,6
144,Shai Gilgeous-Alexander,PG,25,OKC,18,18,34.6,10.9,20.2,0.538,1.3,3.5,0.365,9.6,16.7,0.575,0.57,6.8,7.3,0.939,0.8,4.9,5.7,6.3,2.4,0.9,2.2,2.4,29.9
145,Anthony Gill,PF,31,WAS,11,0,6.2,0.9,1.8,0.5,0,0.3,0,0.9,1.5,0.588,0.5,0.9,1.1,0.833,0.4,0.8,1.2,0.5,0.3,0.3,0.6,0.5,2.7
146,Collin Gillespie,PG,24,DEN,10,0,8.1,0.8,1.9,0.421,0.3,1.2,0.25,0.5,0.7,0.714,0.5,0.1,0.1,1,0,0.3,0.3,0.8,0.5,0,0.4,0.9,2
147,Jacob Gilyard,PG,25,MEM,14,7,16.5,1.4,3.1,0.432,1.1,2.8,0.41,0.2,0.4,0.6,0.614,0.1,0.1,1,0.4,0.9,1.3,3.1,0.6,0.1,0.6,1.1,3.9
148,Rudy Gobert,C,31,MIN,19,19,32.7,4.9,8.2,0.603,0,0,,4.9,8.2,0.603,0.603,3.4,5.5,0.615,3.6,8,11.6,1.1,0.6,2.4,1.6,2.8,13.3
149,Jordan Goodwin,PG,25,PHO,20,0,17.1,2.3,5.9,0.39,1,2.9,0.351,1.3,3.1,0.426,0.475,0.7,0.8,0.813,1.1,2.7,3.8,2.1,0.8,0.3,0.8,1.2,6.3
150,Aaron Gordon,PF,28,DEN,17,17,33.8,5.6,11.4,0.495,0.5,2.3,0.231,5.1,9.1,0.561,0.518,1.5,2.9,0.52,2.7,4.5,7.2,3.8,1.1,0.9,1.8,1.9,13.4
151,Eric Gordon,SG,35,PHO,18,14,31.6,5.6,11.9,0.472,2.9,7,0.413,2.7,4.9,0.557,0.593,0.6,0.8,0.786,0.4,1.8,2.2,2.9,1,0.6,1.5,1.5,14.7
152,Devonte' Graham,PG,28,SAS,3,0,12,0.7,2.3,0.286,0,1.3,0,0.7,1,0.667,0.286,1.3,1.7,0.8,0.3,0.3,0.7,3.7,0.7,0.3,0.7,0.7,2.7
153,Jerami Grant,PF,29,POR,19,19,34.9,7.3,16.7,0.437,2.6,6.3,0.412,4.7,10.5,0.452,0.514,4.9,5.9,0.83,0.7,3.2,3.8,2.2,0.8,0.9,2.5,2.2,22.1
154,A.J. Green,SG,24,MIL,12,0,7.5,0.9,2.5,0.367,0.7,2.2,0.308,0.3,0.3,0.75,0.5,0.1,0.1,1,0.2,0.6,0.8,0.7,0,0,0,0.8,2.6
155,Danny Green,SG,36,PHI,2,0,9,0,1,0,0,0.5,0,0,0.5,0,0,0,0,,0,1,1,0.5,0.5,0,0,0.5,0
156,Draymond Green,PF,33,GSW,12,12,24.5,3.5,7.3,0.483,1.4,3,0.472,2.1,4.3,0.49,0.58,1.7,2,0.833,1.3,4.3,5.5,5.3,0.5,0.7,2.1,2.8,10.1
157,Jalen Green,SG,21,HOU,17,17,31.9,6.4,15.1,0.42,2.2,6.2,0.349,4.2,8.9,0.47,0.492,4.1,5.2,0.787,0.4,4.2,4.6,3.3,0.6,0.4,2.5,1.5,19
158,Jeff Green,PF,37,HOU,17,0,14.5,2,3.7,0.54,0.4,1.2,0.333,1.6,2.5,0.643,0.595,1.5,2,0.765,0.8,1.5,2.2,0.6,0.2,0.4,0.6,1.1,5.9
159,Josh Green,SG,23,DAL,18,5,25.2,2.6,6.1,0.422,1.3,3.5,0.365,1.3,2.6,0.5,0.528,0.5,0.9,0.529,0.6,2.3,2.9,2.4,0.9,0.2,0.9,1.7,6.9
160,AJ Griffin,SF,20,ATL,11,0,9.2,0.9,3,0.303,0.7,2.2,0.333,0.2,0.8,0.222,0.424,0.2,0.2,1,0.2,0.7,0.9,0.3,0.1,0,0.4,0.5,2.7
161,Quentin Grimes,SG,23,NYK,17,17,23.1,2.2,6,0.363,1.7,4.9,0.349,0.5,1.1,0.421,0.505,0.1,0.2,0.667,0.2,1.1,1.3,1.2,0.8,0,0.5,1.7,6.2
162,Mouhamed Gueye,PF,21,ATL,2,0,2,0,0.5,0,0,0.5,0,0,0,,0,0,0,,0,0,0,0,0.5,0,0,0.5,0
163,Rui Hachimura,PF,25,LAL,12,1,23.3,4.3,8.6,0.505,1.3,2.9,0.429,3.1,5.7,0.544,0.578,1.8,2.3,0.786,1,2.8,3.8,1,0.9,0.3,1,1.5,11.8
164,Tyrese Haliburton,PG,23,IND,16,16,33.9,9.3,17.8,0.519,3.9,8.8,0.447,5.3,9,0.59,0.63,4.6,5.2,0.88,0.4,3.2,3.6,11.8,1.1,0.7,2.5,1.1,27
165,R.J. Hampton,PG,22,MIA,1,0,2,0,1,0,0,0,,0,1,0,0,0,0,,0,0,0,0,0,0,0,0,0
166,Tim Hardaway Jr.,SF,31,DAL,17,0,27.5,5.7,13.6,0.42,3.4,8.9,0.384,2.3,4.7,0.488,0.545,1.9,2.2,0.892,0.4,3,3.4,1.6,0.2,0,0.8,0.9,16.8
167,James Harden,SG,34,LAC,14,14,33.7,4.8,10.4,0.462,2.4,6.1,0.4,2.4,4.3,0.55,0.579,3.7,4.4,0.852,0.4,4.1,4.4,6.4,1.6,0.4,2.1,2.1,15.7
168,Jaden Hardy,SG,21,DAL,16,0,11.3,2.2,5.7,0.385,0.7,2.6,0.268,1.5,3.1,0.48,0.445,1.1,1.7,0.667,0.4,1.3,1.7,1.2,0.3,0,0.8,1.1,6.2
169,Ron Harper Jr.,PF,23,TOR,1,0,4,0,0,,0,0,,0,0,,,0,0,,0,0,0,1,0,0,0,2,0
170,Gary Harris,SG,29,ORL,15,2,20.9,2.7,5.9,0.466,1.6,4.2,0.381,1.1,1.7,0.68,0.602,0.8,1.1,0.706,0.5,1.3,1.8,1.8,0.9,0.3,0.5,1.2,7.9
171,Joe Harris,SG,32,DET,7,0,14,1.3,3.6,0.36,0.9,2.7,0.316,0.4,0.9,0.5,0.48,0,0,,0.3,0.7,1,0.9,0.3,0,0.4,1.7,3.4
172,Tobias Harris,PF,31,PHI,19,19,35.2,6.8,13.3,0.516,1.1,3.3,0.323,5.8,10,0.579,0.556,3.3,3.7,0.886,0.9,5.2,6.1,2.7,0.9,0.3,1.9,1.6,18
173,Shaquille Harrison,SG,30,MEM,3,0,2,0.3,0.7,0.5,0,0,,0.3,0.7,0.5,0.5,0,0,,0,0.7,0.7,0,0,0.3,0,0,0.7
174,Josh Hart,SF,28,NYK,19,5,28.7,3.3,7,0.466,1.1,3.1,0.345,2.2,3.9,0.56,0.541,0.6,0.8,0.733,1.1,5.2,6.2,2.6,0.9,0.3,1,1.7,8.2
175,Isaiah Hartenstein,C,25,NYK,19,0,16.9,2.2,3.8,0.562,0.1,0.2,0.333,2.1,3.7,0.571,0.568,1.1,1.6,0.667,2.4,2.5,4.9,0.9,0.9,0.5,0.8,2.7,5.4
176,Sam Hauser,SF,26,BOS,19,2,22.9,3.3,7.1,0.47,2.7,6.3,0.437,0.6,0.8,0.733,0.664,0.4,0.4,0.875,0.8,2.6,3.5,0.8,0.5,0.4,0.6,1.5,9.7
177,Jordan Hawkins,SG,21,NOP,21,9,27.8,4.1,10.5,0.394,2.7,7.1,0.373,1.5,3.4,0.437,0.52,1.9,2.2,0.87,0.8,3,3.8,1.8,0.5,0,1,2,12.9
178,Jaxson Hayes,C,23,LAL,18,0,10.9,1.3,1.8,0.697,0,0.2,0,1.3,1.7,0.767,0.697,0.7,1.2,0.571,0.4,1.2,1.6,0.4,0.2,0.5,0.7,1.8,3.2
179,Killian Hayes,PG,22,DET,19,15,26.8,3.8,8.8,0.429,0.9,2.8,0.321,2.9,6.1,0.478,0.479,1.1,1.6,0.667,0.3,2.6,2.8,4.3,1.2,0.7,0.8,2.1,9.5
180,Gordon Hayward,SF,33,CHO,17,17,32.2,5.4,12.4,0.433,0.9,2.5,0.349,4.5,9.8,0.455,0.469,2.4,3.2,0.745,1.1,4,5.1,4.6,1.2,0.5,1.8,1.8,14
181,Scoot Henderson,PG,19,POR,10,5,25.1,3.5,10.2,0.343,0.9,4.1,0.22,2.6,6.1,0.426,0.387,1.3,1.9,0.684,0.8,1.9,2.7,4.2,0.5,0.1,3.4,4.1,9.2
182,Taylor Hendricks,PF,20,UTA,2,0,10,1,3.5,0.286,0.5,2,0.25,0.5,1.5,0.333,0.357,0.5,1,0.5,0.5,1,1.5,0,0,1,0,0.5,3
183,Tyler Herro,SG,24,MIA,8,8,34,8.5,19,0.447,3.1,7.6,0.41,5.4,11.4,0.473,0.53,2.8,3.1,0.88,0.4,4.6,5,4.6,1.4,0,2.5,1.6,22.9
184,Buddy Hield,SF,31,IND,18,6,24.8,4.9,11,0.449,2.9,7.5,0.393,2,3.5,0.571,0.583,0.3,0.4,0.857,0.5,2.4,2.9,2.7,0.7,0.6,1.5,2,13.2
185,Haywood Highsmith,PF,27,MIA,15,14,22.3,2.3,5.5,0.427,1.1,3.3,0.327,1.3,2.2,0.576,0.524,0.7,0.9,0.846,0.6,2.1,2.7,1.5,1.1,0.7,1,2.1,6.5
186,Nate Hinton,SG,24,HOU,4,0,4,0.8,1.5,0.5,0.8,0.8,1,0,0.8,0,0.75,0,0,,0.3,0.5,0.8,0,0,0,0,0.5,2.3
187,D'Moi Hodge,SG,25,LAL,6,0,5.5,0.5,2,0.25,0.3,1.7,0.2,0.2,0.3,0.5,0.333,0.2,0.3,0.5,0,0,0,0.3,0.2,0.2,0.2,0.7,1.5
188,Aaron Holiday,PG,27,HOU,15,1,18.1,2.5,5.3,0.481,0.9,2.6,0.359,1.6,2.7,0.6,0.57,0.4,0.5,0.857,0.2,1.6,1.8,2.1,0.5,0.1,0.4,1.9,6.4
189,Jrue Holiday,PG,33,BOS,17,17,34.5,4.7,11.1,0.426,1.8,4.6,0.385,2.9,6.5,0.455,0.505,1.2,1.5,0.808,1.8,5.4,7.2,5.2,0.6,0.9,2.2,1.7,12.4
190,Justin Holiday,SG,34,DEN,12,4,14.5,1.8,3.2,0.579,1.2,2.3,0.519,0.7,0.9,0.727,0.763,0,0,,0.3,1.5,1.8,1.3,0.5,0,0.3,1.3,4.8
191,Richaun Holmes,C,30,DAL,10,1,11,1.2,2.4,0.5,0,0,,1.2,2.4,0.5,0.5,0.5,1.2,0.417,1.5,2.4,3.9,0.5,0.1,0.5,0.6,1.7,2.9
192,Chet Holmgren,C,21,OKC,19,19,30,6.3,11.8,0.531,1.7,4.3,0.395,4.6,7.5,0.608,0.603,3.4,3.9,0.865,1.7,6.3,8,2.6,0.9,2.2,1.9,2.8,17.6
193,Jalen Hood-Schifino,SG,20,LAL,4,0,11,1,3.8,0.267,0.3,2,0.125,0.8,1.8,0.429,0.3,1,2,0.5,0,0.5,0.5,0.8,0,0,0.8,1.5,3.3
194,Al Horford,C,37,BOS,17,7,26.2,2.9,6.1,0.485,1.4,3.8,0.359,1.6,2.3,0.692,0.597,0.4,0.4,1,1.6,5,6.6,2.8,0.5,1.1,0.9,1.9,7.6
195,Talen Horton-Tucker,PG,23,UTA,20,8,22.3,3.5,9.2,0.377,1.2,3.9,0.308,2.3,5.3,0.429,0.443,1.2,1.4,0.852,0.5,2.4,2.9,4.5,1,0.5,1.9,2.3,9.3
196,Danuel House Jr.,SF,30,PHI,10,0,12.7,1.3,3.1,0.419,0.4,1.6,0.25,0.9,1.5,0.6,0.484,0.8,1,0.8,0.4,1,1.4,0.8,0.5,0.1,0.9,1,3.8
197,Caleb Houstan,SF,21,ORL,12,0,7.9,0.9,1.8,0.524,0.8,1.7,0.5,0.1,0.1,1,0.762,0.3,0.3,1,0.2,0.9,1.1,0.4,0.2,0,0.3,0.8,3
198,Jett Howard,SF,20,ORL,5,0,4.6,0.2,2,0.1,0,1.6,0,0.2,0.4,0.5,0.1,0,0,,0.2,0.2,0.4,0.4,0,0,0.4,0,0.4
199,Kevin Huerter,SG,25,SAC,17,17,27.6,4.8,10.7,0.451,2.6,6.7,0.386,2.2,4,0.559,0.571,0.8,0.9,0.813,0.7,4,4.7,3.1,0.8,0.4,0.9,2.3,13
200,Jay Huff,C,25,DEN,1,0,2,1,1,1,0,0,,1,1,1,1,0,0,,0,0,0,0,0,0,0,0,2
201,De'Andre Hunter,SF,26,ATL,19,19,30,4.7,10.5,0.45,1.7,4.8,0.359,3,5.7,0.528,0.533,3.1,3.5,0.894,0.7,3.4,4.1,1.3,0.9,0.4,1.5,3.3,14.3
202,Bones Hyland,PG,23,LAC,12,2,16.8,3.1,7.3,0.42,1.4,4,0.354,1.7,3.3,0.5,0.517,0.8,0.8,0.9,0.2,1,1.2,2,0.6,0,1.6,1.8,8.3
203,Joe Ingles,SF,36,ORL,20,0,18.9,1.7,4.1,0.42,1,2.6,0.392,0.7,1.5,0.467,0.543,0.6,0.7,0.846,0.5,2.2,2.6,3.5,0.9,0.1,1,1.6,5
204,Brandon Ingram,SF,26,NOP,18,18,34,9.2,18.5,0.498,1.2,4.2,0.289,8,14.3,0.56,0.532,3.7,4.8,0.779,0.5,4.7,5.2,5.3,0.8,0.2,2.6,2.1,23.4
205,Kyrie Irving,SG,31,DAL,15,15,33.3,8.7,19.2,0.455,2.6,7,0.371,6.1,12.2,0.503,0.523,3.5,3.9,0.898,0.7,3.5,4.1,5.5,1.1,0.3,1.5,1.9,23.6
206,Jonathan Isaac,PF,26,ORL,15,0,13.4,2.1,4.9,0.438,0.5,2.3,0.229,1.6,2.5,0.632,0.493,1.5,1.9,0.793,1.2,3.3,4.5,0.3,0.9,1.3,0.7,1.4,6.3
207,Jaden Ivey,SG,21,DET,16,6,23.1,4.1,8.2,0.496,1.1,3.1,0.347,3,5.1,0.585,0.561,2.3,2.9,0.787,0.8,1.9,2.7,2.9,0.7,0.4,2.1,2.8,11.5
208,Andre Jackson Jr.,SG,22,MIL,15,3,8.6,0.9,1.5,0.636,0.4,0.7,0.545,0.5,0.7,0.727,0.773,0,0,,0.7,0.7,1.3,0.7,0.3,0,0.5,1.5,2.3
209,Gregory Jackson II,PF,19,MEM,3,0,2.3,0,1.3,0,0,0.7,0,0,0.7,0,0,0,0,,0.3,0.7,1,0,0.3,0,0.3,0,0
210,Isaiah Jackson,C,22,IND,11,0,12.7,1.7,3.1,0.559,0,0.1,0,1.7,3,0.576,0.559,1.5,2.1,0.696,1.5,2.6,4.1,0.9,0.5,1.7,0.5,3,4.9
211,Jaren Jackson Jr.,C,24,MEM,19,19,30.8,6.6,15.6,0.422,1.4,4.8,0.283,5.2,10.7,0.485,0.466,5.1,6.1,0.828,1.8,4.4,6.2,1.9,0.6,1.8,1.9,3.5,19.6
212,Reggie Jackson,PG,33,DEN,21,13,26.9,5.5,10.9,0.509,1.7,4.1,0.407,3.9,6.8,0.57,0.586,0.9,1.3,0.643,0.4,2,2.4,4.5,0.8,0.3,1.7,2,13.6
213,Trayce Jackson-Davis,PF,23,GSW,13,0,7.8,0.9,1.7,0.545,0,0,,0.9,1.7,0.545,0.545,1.2,1.9,0.6,0.8,0.9,1.8,0.5,0.2,0.5,0.5,1.4,3
214,LeBron James,PF,39,LAL,20,20,33.6,9.2,16.6,0.551,2.2,5.8,0.383,7,10.9,0.641,0.617,3.9,5.7,0.69,0.8,6.8,7.6,6.4,1.4,0.8,3.7,1.1,24.4
215,Jaime Jaquez Jr.,SF,22,MIA,20,4,26.7,4.8,9.2,0.525,1.2,3.1,0.393,3.6,6.1,0.59,0.59,1.2,1.5,0.793,1.2,2.7,3.9,2.6,1.1,0.2,1.5,2.3,12
216,DaQuan Jeffries,SG,26,NYK,7,0,2.7,0.4,1.1,0.375,0.1,0.6,0.25,0.3,0.6,0.5,0.438,0,0.3,0,0,0.4,0.4,0.1,0,0,0.1,0.1,1
217,Ty Jerome,SG,26,CLE,2,0,7.5,1,2,0.5,0,0.5,0,1,1.5,0.667,0.5,0,0,,0.5,0,0.5,1.5,0,0,0.5,1,2
218,Isaiah Joe,SG,24,OKC,19,0,20.9,3.4,7.5,0.458,2.7,5.9,0.46,0.7,1.5,0.448,0.641,1.1,1.3,0.833,0.1,2.4,2.5,1.2,0.8,0.3,0.5,1.2,10.6
219,Cameron Johnson,PF,27,BRK,12,12,29.3,5.5,12.1,0.455,2.4,6.4,0.377,3.1,5.7,0.544,0.555,1.7,2,0.833,2,3.9,5.9,2.9,0.8,0.1,1.4,1.8,15.1
220,Jalen Johnson,SF,22,ATL,15,12,29.9,5.7,9.5,0.594,1.1,2.7,0.425,4.5,6.9,0.66,0.654,1.7,2.2,0.758,1.3,5.9,7.3,2.4,1.1,1,2,2.2,14.1
221,Keldon Johnson,SF,24,SAS,18,18,32.8,6.2,13.2,0.473,1.9,5.4,0.357,4.3,7.7,0.554,0.546,2.2,3,0.722,1.2,5.3,6.5,4.1,0.8,0.3,1.3,2.5,16.6
222,Keyontae Johnson,SF,23,OKC,1,0,6,0,1,0,0,0,,0,1,0,0,0,0,,0,0,0,0,0,0,0,0,0
223,Nikola Joki?,C,28,DEN,20,20,34.1,11.4,20,0.568,1.3,4.2,0.301,10.1,15.9,0.637,0.599,5,6.4,0.781,3.3,9.5,12.8,9.8,1.2,0.8,2.9,2.6,29
224,Colby Jones,SG,21,SAC,9,0,7.8,1.4,3.1,0.464,0.1,0.9,0.125,1.3,2.2,0.6,0.482,0.2,0.3,0.667,0.7,0.9,1.6,0.2,0.2,0.1,0.4,1,3.2
225,Damian Jones,C,28,CLE,10,0,5.1,0.4,0.8,0.5,0,0,,0.4,0.8,0.5,0.5,0.1,0.2,0.5,0.4,0.6,1,0.3,0.1,0.2,0.3,0.3,0.9
226,Derrick Jones Jr.,SF,26,DAL,19,18,23.4,3.5,7.3,0.486,1.8,4.3,0.415,1.7,2.9,0.589,0.609,1,1.3,0.76,1.1,2.5,3.6,1,0.6,0.7,1,1.6,9.8
227,Herbert Jones,SF,25,NOP,18,18,31.2,4,7.8,0.511,1.2,3.4,0.339,2.8,4.4,0.646,0.585,2.7,3.1,0.873,0.9,3.2,4.2,2.8,1.9,1.3,1.7,3.4,11.8
228,Tre Jones,PG,24,SAS,16,0,23.9,3,7.1,0.425,0.6,2.2,0.286,2.4,4.9,0.487,0.469,1.3,1.4,0.87,0.6,2.3,2.9,5.1,0.8,0.3,1.5,1.3,7.9
229,Tyus Jones,PG,27,WAS,19,19,26.8,4.6,9.4,0.492,1.1,3.2,0.35,3.5,6.3,0.563,0.55,0.5,0.7,0.692,0.3,2.5,2.8,4.9,0.9,0.1,0.6,0.9,10.8
230,DeAndre Jordan,C,35,DEN,6,1,14.5,2.5,3.7,0.682,0,0,,2.5,3.7,0.682,0.682,1,3.5,0.286,1.3,3.2,4.5,1.2,0.3,0.2,1.2,1.7,6
231,Cory Joseph,PG,32,GSW,10,0,10.8,0.6,2.5,0.24,0.4,1.8,0.222,0.2,0.7,0.286,0.32,0.4,0.7,0.571,0.2,0.7,0.9,2.1,0.3,0.1,0.5,1,2
232,Nikola Jovi?,PF,20,MIA,3,1,15,1.3,3.7,0.364,1,2,0.5,0.3,1.7,0.2,0.5,1,1.3,0.75,0.3,6.7,7,3,0.3,0,1.3,2.3,4.7
233,Luke Kennard,SG,27,MEM,8,0,21.5,2.6,7.3,0.362,2.1,5.8,0.37,0.5,1.5,0.333,0.509,0.9,0.9,1,0.4,2.5,2.9,2,0.6,0.1,0.6,0.5,8.3
234,Walker Kessler,C,22,UTA,13,8,24.5,4.1,7.2,0.57,0.2,0.8,0.182,3.9,6.3,0.622,0.581,0.8,1.5,0.579,3.2,4.8,7.9,0.7,0.2,2.5,1.2,2.2,9.2
235,Braxton Key,SF,26,DEN,6,0,2.5,0.2,0.8,0.2,0,0.3,0,0.2,0.5,0.333,0.2,0.2,0.3,0.5,0,0.5,0.5,0.8,0,0,0,0.5,0.5
236,Corey Kispert,SF,24,WAS,18,1,22.9,3.7,8.2,0.446,1.9,5.2,0.372,1.7,3,0.574,0.564,1.6,2.1,0.784,0.5,2.1,2.6,1.6,0.4,0,0.9,1.8,10.9
237,Maxi Kleber,C,32,DAL,5,1,18,0.8,3.2,0.25,0.6,1.8,0.333,0.2,1.4,0.143,0.344,1.2,2,0.6,0.8,3.4,4.2,2,0.2,0.2,0.8,1.6,3.4
238,Kevin Knox,SF,24,DET,6,2,20.7,3.5,6.8,0.512,1.5,3.5,0.429,2,3.3,0.6,0.622,0.3,0.5,0.667,0.8,2.7,3.5,0.5,0.7,0.2,1,2,8.8
239,John Konchar,SF,27,MEM,15,2,17.7,1.1,3.2,0.354,0.5,1.8,0.296,0.6,1.4,0.429,0.438,0.2,0.3,0.75,1.1,2.8,3.9,1.5,0.6,0.7,0.4,1.1,3
240,Furkan Korkmaz,SG,26,PHI,14,0,7.4,0.8,2.1,0.367,0.3,1.1,0.267,0.5,1.1,0.467,0.433,0.4,0.5,0.714,0.1,0.5,0.6,0.4,0.6,0,0.4,0.5,2.2
241,Luke Kornet,C,28,BOS,14,0,13.1,1.9,2.3,0.813,0,0,,1.9,2.3,0.813,0.813,0.6,0.7,0.8,1.2,2.1,3.4,0.5,0.5,0.6,0.4,1.2,4.3
242,Jonathan Kuminga,PF,21,GSW,19,1,19.8,3.9,8.8,0.449,0.6,2.3,0.25,3.4,6.5,0.52,0.482,2.5,3.7,0.686,0.7,2.3,3,1,0.5,0.4,1.4,2.3,11
243,Kyle Kuzma,PF,28,WAS,19,19,31.3,9.2,19.3,0.474,2.3,6.5,0.358,6.8,12.8,0.533,0.534,2.9,3.6,0.824,0.9,5.1,6.1,4.6,0.3,0.6,2.5,2,23.6
244,Jock Landale,C,28,HOU,13,0,8.7,0.7,2,0.346,0.2,0.8,0.2,0.5,1.2,0.438,0.385,0.3,0.3,1,0.7,1.1,1.8,0.6,0.3,0.2,0.6,0.7,1.8
245,Jake LaRavia,PF,22,MEM,5,0,12.2,1.4,4,0.35,0.4,2.4,0.167,1,1.6,0.625,0.4,0.2,0.4,0.5,0.6,1,1.6,0.4,0.2,0,0.4,1.6,3.4
246,Zach LaVine,SG,28,CHI,18,18,35.3,7.3,16.6,0.443,2.4,7.1,0.336,4.9,9.4,0.524,0.515,3.9,4.6,0.866,0.3,4.6,4.9,3.4,0.9,0.2,2,2.1,21
247,A.J. Lawson,SG,23,DAL,2,0,11.5,2,5.5,0.364,1.5,4,0.375,0.5,1.5,0.333,0.5,1,2,0.5,0,0.5,0.5,1,0,0.5,0,0.5,6.5
248,Saben Lee,PG,24,PHO,3,0,3.3,1,2,0.5,0,0.3,0,1,1.7,0.6,0.5,0,0,,0.7,0.3,1,1,0,0.3,0,0.3,2
249,Alex Len,C,30,SAC,6,0,6.8,1,1.3,0.75,0,0.2,0,1,1.2,0.857,0.75,0.5,1.2,0.429,1.2,1.5,2.7,0.8,0.2,0.8,0.3,0.3,2.5
250,Kawhi Leonard,SF,32,LAC,19,19,34.4,8.2,17.1,0.478,2.2,5.5,0.394,6,11.6,0.518,0.542,3.3,4,0.829,0.9,5.1,6,3.4,1.6,0.7,1.5,1.6,21.8
251,Caris LeVert,SG,29,CLE,16,1,30.4,5.4,13.3,0.408,1.7,5.4,0.31,3.8,7.9,0.476,0.472,2.3,3.1,0.74,0.4,3.3,3.7,3.6,1,0.4,1.4,1.8,14.9
252,Kira Lewis Jr.,PG,22,NOP,11,0,11,1.3,3.9,0.326,0.2,1.4,0.133,1.1,2.5,0.429,0.349,0.7,0.8,0.889,0.3,0.6,0.9,1.6,0.5,0.1,0.5,0.7,3.5
253,Maxwell Lewis,SF,21,LAL,10,0,4.3,0,0.5,0,0,0.1,0,0,0.4,0,0,0,0,,0.1,0.1,0.2,0.2,0.2,0,0.4,0.2,0
254,E.J. Liddell,PF,23,NOP,3,0,3,0.3,1.3,0.25,0,1,0,0.3,0.3,1,0.25,0.7,0.7,1,0,0.7,0.7,0,0,0.3,0.3,0.3,1.3
255,Damian Lillard,PG,33,MIL,18,18,35,7.3,17.1,0.429,2.8,8.4,0.336,4.5,8.7,0.519,0.511,8,8.7,0.923,0.7,3.8,4.6,6.9,1.1,0.1,2.8,1.4,25.5
256,Nassir Little,PF,23,PHO,14,0,15.1,1.9,4,0.482,0.7,2.3,0.313,1.2,1.7,0.708,0.571,1,1.1,0.875,0.5,1.7,2.2,0.6,0.6,0.6,0.4,1.3,5.6
257,Dereck Lively II,C,19,DAL,17,16,25.1,3.8,5.3,0.722,0,0.1,0,3.8,5.2,0.739,0.722,0.9,1.6,0.593,3,4.8,7.8,1.2,0.6,1.5,1.1,3.2,8.6
258,Isaiah Livers,PF,25,DET,6,1,22.5,2.3,6.7,0.35,1.5,4.5,0.333,0.8,2.2,0.385,0.463,0.8,1.2,0.714,0.7,1.7,2.3,1.2,0.2,0,1.7,1.7,7
259,Chris Livingston,SF,20,MIL,2,0,4.5,1,1,1,0.5,0.5,1,0.5,0.5,1,1.25,0,0,,0,0,0,0.5,0,0,0,0,2.5
260,Kenneth Lofton Jr.,PF,21,MEM,13,0,7.2,1,2.6,0.382,0.2,0.6,0.25,0.8,2,0.423,0.412,0.5,1,0.462,0.2,0.9,1.1,0.9,0.2,0.2,0.5,1.2,2.6
261,Kevon Looney,C,27,GSW,20,17,23.2,2.4,4.1,0.585,0,0,,2.4,4.1,0.585,0.585,1,1.4,0.704,2.9,5.8,8.7,2.8,0.8,0.4,1,2.8,5.8
262,Brook Lopez,C,35,MIL,20,20,29.8,5.1,10,0.508,1.9,5.1,0.363,3.2,4.9,0.66,0.601,1.5,1.9,0.811,1.4,3.6,4.9,1.4,0.8,2.8,1,2.4,13.5
263,Robin Lopez,C,35,MIL,3,0,3,0,0,,0,0,,0,0,,,0.7,0.7,1,0,0,0,0.3,0,0,0.3,0.7,0.7
264,Kevin Love,PF,35,MIA,14,4,17.7,2.4,6.1,0.388,1.4,4.3,0.333,0.9,1.8,0.52,0.506,1.7,2.1,0.828,1.1,5.4,6.5,2.5,0.1,0,0.6,1.9,7.9
265,Kyle Lowry,PG,37,MIA,19,19,29.3,3.1,7,0.444,2.1,4.7,0.444,1,2.3,0.442,0.594,1.1,1.2,0.909,0.9,3.3,4.2,4.3,1.2,0.3,1.3,2.8,9.4
266,Trey Lyles,PF,28,SAC,5,0,21.2,2.6,6.6,0.394,1.4,4.6,0.304,1.2,2,0.6,0.5,1.6,2.6,0.615,1.6,4.4,6,0.6,0,0.2,1.4,2.4,8.2
267,Théo Maledon,PG,22,CHO,13,1,15.4,1.5,5.1,0.288,0.4,2.3,0.167,1.1,2.8,0.389,0.326,0.8,0.9,0.917,0.3,1.5,1.8,2.2,0.5,0,1.2,1.4,4.2
268,Sandro Mamukelashvili,C,24,SAS,7,0,7.9,0.9,2.1,0.4,0.3,1,0.286,0.6,1.1,0.5,0.467,0.7,0.9,0.833,0.9,1,1.9,1.1,0.3,0.1,0.4,1.1,2.7
269,Terance Mann,SG,27,LAC,13,9,26.6,2.7,6.2,0.432,0.5,2.7,0.171,2.2,3.5,0.63,0.469,0.6,1,0.615,1.2,2.7,3.9,2.2,0.8,0.4,0.7,2,6.5
270,Tre Mann,PG,22,OKC,6,0,7.8,1.7,3,0.556,0.5,1.3,0.375,1.2,1.7,0.7,0.639,0.2,0.2,1,0.5,1.5,2,1.3,0.2,0,0.8,0.2,4
271,Boban Marjanovi?,C,35,HOU,3,0,6.7,1.7,3,0.556,0,0.3,0,1.7,2.7,0.625,0.556,0,0.3,0,0.7,2,2.7,1,0,0.3,0,0.7,3.3
272,Lauri Markkanen,PF,26,UTA,15,15,34.1,8.1,16.8,0.484,3.3,8.5,0.383,4.9,8.3,0.589,0.581,4.2,5,0.84,2.4,6.3,8.7,1.1,1.1,0.9,1.3,2.3,23.7
273,Naji Marshall,SF,26,NOP,12,0,21.9,3,6.5,0.462,1.3,2.9,0.429,1.8,3.6,0.488,0.558,2,2.4,0.828,1.3,3.4,4.8,2.3,0.8,0.3,1.3,1.5,9.3
274,Caleb Martin,SF,28,MIA,10,0,22.9,4,9.6,0.417,1,3.4,0.294,3,6.2,0.484,0.469,0.9,1.1,0.818,1,2.1,3.1,1.7,1,0,1.2,1.9,9.9
275,KJ Martin,SF,23,TOT,11,0,7.7,0.7,2,0.364,0.1,0.5,0.167,0.6,1.5,0.438,0.386,0.3,0.5,0.5,0.3,0.8,1.1,0.4,0.5,0.1,0.5,1.3,1.8
275,KJ Martin,SF,23,LAC,2,0,15.5,2,5,0.4,0.5,2.5,0.2,1.5,2.5,0.6,0.45,0.5,1,0.5,0.5,1,1.5,0.5,1,0.5,1,1.5,5
275,KJ Martin,SF,23,PHI,9,0,6,0.4,1.3,0.333,0,0.1,0,0.4,1.2,0.364,0.333,0.2,0.4,0.5,0.2,0.8,1,0.3,0.3,0,0.3,1.2,1.1
276,Garrison Mathews,SG,27,ATL,7,0,6.7,0.6,1.6,0.364,0.6,1.6,0.364,0,0,,0.545,0,0,,0.3,0.7,1,0.1,0.1,0,0.1,0.6,1.7
277,Bennedict Mathurin,SF,21,IND,18,12,24.6,4.8,10.7,0.453,1.1,3.2,0.345,3.7,7.4,0.5,0.505,2.2,2.9,0.769,1.1,2.6,3.7,1.9,0.6,0.2,1.3,1.9,13
278,Wesley Matthews,SG,37,ATL,9,0,10.6,0.7,1.9,0.353,0.6,1.8,0.313,0.1,0.1,1,0.5,0.4,0.9,0.5,0.2,0.9,1.1,0.8,0.3,0.1,0.2,1.3,2.3
279,Tyrese Maxey,PG,23,PHI,18,18,38.4,9.4,20.2,0.464,3.3,8.3,0.396,6.1,11.9,0.512,0.545,4.9,5.5,0.899,0.7,3.9,4.6,6.7,0.8,0.7,1.6,1.9,27
280,Skylar Mays,PG,26,POR,14,5,19.5,3.1,7.6,0.406,0.9,2.9,0.293,2.2,4.6,0.477,0.462,0.8,0.9,0.846,0.3,1.4,1.7,4.5,0.8,0.1,1.1,1.4,7.8
281,Miles McBride,PG,23,NYK,12,0,4.5,0.7,1.4,0.471,0.3,1.1,0.308,0.3,0.3,1,0.588,0.1,0.2,0.5,0.1,0.2,0.3,0.3,0.3,0,0,0.6,1.8
282,CJ McCollum,PG,32,NOP,8,8,34,7.4,16.8,0.44,2.9,8.3,0.348,4.5,8.5,0.529,0.526,3.5,4.5,0.778,0.9,3.6,4.5,5.9,1.6,0.9,1.4,2.3,21.1
283,T.J. McConnell,PG,31,IND,12,0,14.9,3.4,5.8,0.586,0.1,0.5,0.167,3.3,5.3,0.625,0.593,0.8,1.2,0.714,0.6,1.9,2.5,4.3,0.7,0.2,0.9,1.3,7.8
284,Jaden McDaniels,SF,23,MIN,11,11,23.6,4.2,7.2,0.582,1,2.6,0.379,3.2,4.5,0.7,0.652,0.2,0.2,1,0.6,1.5,2.2,1.3,0.5,0.4,1,3.3,9.5
285,Jalen McDaniels,SF,26,TOR,15,0,9.2,0.9,3.1,0.283,0.3,1.5,0.182,0.6,1.6,0.375,0.326,0.1,0.1,1,0.3,0.9,1.2,0.6,0.3,0.2,0.4,0.9,2.1
286,Doug McDermott,SF,32,SAS,17,0,16.6,2.2,4.6,0.481,1.6,3.5,0.475,0.6,1.2,0.5,0.658,0.2,0.4,0.667,0.2,0.9,1.1,1.8,0.4,0.1,0.7,1.3,6.4
287,JaVale McGee,C,36,SAC,16,0,9.8,2.5,3.6,0.69,0,0.1,0,2.5,3.6,0.702,0.69,0.7,1.2,0.579,1.4,2.4,3.8,0.4,0.3,0.7,1.1,1.3,5.7
288,Bryce McGowens,SG,21,CHO,13,1,15.8,1.5,3.5,0.444,1,2.2,0.448,0.5,1.2,0.438,0.589,0.6,0.8,0.8,0.3,1.6,1.9,0.9,0.5,0.2,0.5,1.4,4.7
289,Jordan McLaughlin,PG,27,MIN,5,0,3.8,0.2,0.8,0.25,0.2,0.4,0.5,0,0.4,0,0.375,0.4,0.4,1,0,0,0,1,0,0.4,0,0.4,1
290,De'Anthony Melton,SG,25,PHI,19,19,30.2,4.2,10.5,0.397,2.4,6.1,0.4,1.7,4.4,0.393,0.513,2.1,2.7,0.784,0.8,3.2,4,3.7,1.3,0.4,1.4,2.7,12.8
291,Sam Merrill,SG,27,CLE,10,0,7.5,0.8,2.5,0.32,0.8,2.2,0.364,0,0.3,0,0.48,0,0,,0.2,0.4,0.6,0.6,0.2,0,0.2,0.6,2.4
292,Chimezie Metu,C,26,PHO,11,0,7.1,1,2,0.5,0.3,0.8,0.333,0.7,1.2,0.615,0.568,0.3,0.4,0.75,0.2,1.2,1.4,0.4,0.1,0.3,0.3,1.2,2.5
293,Vasilije Mici?,PG,30,OKC,8,0,12.3,1.1,3,0.375,0.6,1.8,0.357,0.5,1.3,0.4,0.479,0.5,0.8,0.667,0,0.5,0.5,2.8,0.1,0,1.3,0.8,3.4
294,Khris Middleton,SF,32,MIL,16,16,20.8,4.5,9.8,0.462,1.3,3.8,0.328,3.3,5.9,0.547,0.526,1.6,2,0.781,0.7,3.5,4.2,3.9,0.8,0.1,1.6,1.9,11.8
295,Brandon Miller,SF,21,CHO,16,10,31.1,5.5,12,0.458,1.7,4.4,0.38,3.8,7.6,0.504,0.529,1.7,2.1,0.794,1.3,2.8,4.1,2,0.6,0.5,1.3,3,14.4
296,Jordan Miller,SF,24,LAC,2,0,3.5,1,1.5,0.667,0.5,0.5,1,0.5,1,0.5,0.833,0,0,,0,0,0,0,0,0,0,1,2.5
297,Leonard Miller,SF,20,MIN,3,0,2,0.3,0.7,0.5,0,0,,0.3,0.7,0.5,0.5,0,0,,0,2,2,0.3,0,0,0,0.3,0.7
298,Dariq Whitehead,SF,19,BRK,1,0,3,0,0,,0,0,,0,0,,,1,2,0.5,0,0,0,0,0,1,0,0,1
299,Patty Mills,PG,35,ATL,1,0,5,1,2,0.5,1,1,1,0,1,0,0.75,0,0,,0,1,1,0,0,0,0,0,3
300,Shake Milton,SG,27,MIN,19,0,16.3,1.8,5.1,0.361,0.4,1.9,0.216,1.4,3.2,0.45,0.402,1.5,1.8,0.8,0.2,1.7,1.9,1.5,0.7,0.2,1.1,1.6,5.6
301,Justin Minaya,SF,24,POR,5,0,6,0.4,1.2,0.333,0.4,0.8,0.5,0,0.4,0,0.5,0.2,0.4,0.5,0.8,0.2,1,0,0,0.2,0.2,0.2,1.4
302,Josh Minott,SF,21,MIN,9,0,2.6,0.7,1.3,0.5,0,0.6,0,0.7,0.8,0.857,0.5,0.2,0.4,0.5,0.1,0.2,0.3,0.1,0,0.1,0,0.4,1.6
303,Davion Mitchell,PG,25,SAC,14,3,16.9,1.8,4.9,0.362,0.9,2.9,0.293,0.9,2,0.464,0.449,0.6,0.6,1,0.1,1.1,1.2,2.6,0.4,0.1,0.9,1.6,5.1
304,Donovan Mitchell,SG,27,CLE,15,15,35.5,9.4,21,0.448,2.9,8.3,0.344,6.5,12.7,0.516,0.516,5.5,6.1,0.901,1.1,4.3,5.3,5.2,2.1,0.5,2.5,1.9,27.1
305,Evan Mobley,PF,22,CLE,20,20,33.5,6.7,11.8,0.568,0.1,0.5,0.2,6.6,11.3,0.584,0.572,2.5,3.3,0.769,2.8,8,10.8,3,0.8,1.7,2.2,2.8,16
306,Isaiah Mobley,PF,24,CLE,2,0,5,0.5,1.5,0.333,0,0.5,0,0.5,1,0.5,0.333,0,0,,0,1,1,1.5,0.5,0,0.5,1,1
307,Malik Monk,SG,25,SAC,18,0,24.5,4.6,10.8,0.421,2.5,6.1,0.413,2.1,4.8,0.43,0.536,2.8,3.2,0.895,0.6,2.3,2.9,4.6,0.7,0.5,2.2,1.7,14.4
308,Moses Moody,SG,21,GSW,20,4,18.8,3.2,6.4,0.492,1.2,3.2,0.375,2,3.2,0.609,0.586,1.2,1.6,0.742,1.2,2.2,3.4,1.2,0.8,0.3,0.6,1.4,8.7
309,Wendell Moore Jr.,SG,22,MIN,1,0,2,0,1,0,0,1,0,0,0,,0,0,0,,0,0,0,0,0,0,0,0,0
310,Marcus Morris,PF,34,PHI,12,3,12.1,1.9,4.3,0.451,0.9,1.9,0.478,1,2.3,0.429,0.559,0.3,0.3,1,0.4,1.7,2.1,0.5,0.3,0.4,0.4,1.6,5
311,Markieff Morris,PF,34,DAL,3,0,7.7,1,4.3,0.231,0.7,2.7,0.25,0.3,1.7,0.2,0.308,0,0,,0.7,0.7,1.3,0.7,0,0,0,0.7,2.7
312,Trey Murphy III,SF,23,NOP,1,0,22,7,13,0.538,4,10,0.4,3,3,1,0.692,0,0,,1,2,3,1,1,1,0,0,18
313,Dejounte Murray,SG,27,ATL,19,19,34.2,7.7,16.8,0.458,2.3,5.9,0.393,5.4,10.9,0.493,0.527,2.7,3.1,0.864,0.7,3.4,4.1,5.1,1.8,0.3,2.4,1.4,20.4
314,Jamal Murray,PG,26,DEN,8,8,29.8,5.8,13.9,0.414,2.1,5,0.425,3.6,8.9,0.408,0.491,2.6,3,0.875,0.4,2.6,3,7.3,0.3,0.6,2,1.9,16.3
315,Keegan Murray,SF,23,SAC,14,14,32.4,4.8,12.4,0.385,2.1,7.1,0.293,2.7,5.4,0.507,0.468,1.2,1.4,0.85,1.7,4.4,6.1,1.9,1.3,0.6,1.2,2.2,12.9
316,Kris Murray,SF,23,POR,10,0,8.8,0.6,2,0.3,0.3,1.2,0.25,0.3,0.8,0.375,0.375,0.3,0.5,0.6,0.4,0.4,0.8,0.3,0.5,0.1,0.1,0.8,1.8
317,Mike Muscala,C,32,WAS,7,1,11.7,1.1,2.7,0.421,0.4,1.4,0.3,0.7,1.3,0.556,0.5,0.6,0.6,1,0.3,2.4,2.7,1.1,0.1,0.4,1,1,3.3
318,Svi Mykhailiuk,SF,26,BOS,8,0,7.4,0.8,2.1,0.353,0.5,1.8,0.286,0.3,0.4,0.667,0.471,0,0,,0.1,0.5,0.6,0.1,0.4,0,0.5,0.5,2
319,Larry Nance Jr.,C,31,NOP,14,0,15.1,1.5,3,0.5,0.2,0.8,0.273,1.3,2.2,0.581,0.536,0.3,0.6,0.5,1.3,2.9,4.1,0.7,0.6,0.3,0.9,1.4,3.5
320,Andrew Nembhard,PG,24,IND,15,2,19.3,3.2,7.1,0.449,0.6,2.5,0.243,2.6,4.7,0.557,0.491,0.3,0.5,0.714,0.6,1.3,1.9,4.5,0.9,0,1.5,2.1,7.3
321,Aaron Nesmith,SF,24,IND,16,1,23.7,4,7.3,0.547,1.8,3.9,0.46,2.2,3.4,0.648,0.671,1.2,1.9,0.633,0.9,2.4,3.3,1,1.1,0.6,0.6,3.3,11
322,Georges Niang,PF,30,CLE,20,1,22.4,3.1,7.5,0.413,1.6,4.5,0.348,1.6,3.1,0.508,0.517,0.6,0.7,0.923,0.3,3.7,4,1.2,0.4,0.1,0.6,2.3,8.4
323,Daishen Nix,PG,21,MIN,5,0,4,0.6,1.6,0.375,0.4,1,0.4,0.2,0.6,0.333,0.5,0,0,,0,0.2,0.2,0,0.2,0,0,0,1.6
324,Zeke Nnaji,PF,23,DEN,19,0,10.5,1.3,2.7,0.49,0.2,0.4,0.429,1.2,2.3,0.5,0.52,0.9,1.5,0.607,1.2,1.1,2.3,0.4,0.2,0.5,0.5,1.4,3.7
325,Jaylen Nowell,SG,24,MEM,5,1,18.8,2.6,7.2,0.361,0.4,2.8,0.143,2.2,4.4,0.5,0.389,0.6,0.6,1,0.6,1.8,2.4,1.4,0.4,0,0.4,1.6,6.2
326,Markquis Nowell,SG,24,TOR,1,0,4,0,1,0,0,0,,0,1,0,0,2,2,1,2,0,2,2,1,0,0,0,2
327,Jusuf Nurki?,C,29,PHO,20,20,27.9,4.5,9.5,0.468,0.7,2.5,0.26,3.8,7,0.543,0.503,2.6,3.4,0.75,2.9,6.3,9.2,3.9,1.1,1.3,2.2,3.7,12.1
328,Jordan Nwora,SF,25,IND,5,0,14.6,2.8,6.8,0.412,0.8,3,0.267,2,3.8,0.526,0.471,0.6,0.8,0.75,1.2,1.8,3,1.2,0.8,0.2,1.4,1.6,7
329,Royce O'Neale,SF,30,BRK,18,5,29.7,2.8,7.3,0.382,2.5,6.2,0.405,0.3,1.1,0.25,0.553,0.1,0.3,0.333,0.7,4.7,5.4,3.4,0.8,0.8,1,3.1,8.2
330,Chuma Okeke,SF,25,ORL,9,0,4.1,0.4,1.4,0.308,0.3,1.1,0.3,0.1,0.3,0.333,0.423,0,0,,0.3,0.4,0.8,0.3,0,0,0.2,0,1.2
331,Josh Okogie,SG,25,PHO,20,9,22.1,2.1,4.9,0.429,0.6,2.2,0.256,1.6,2.8,0.564,0.485,2.3,2.9,0.776,1.8,1.9,3.7,1.1,1,0.5,0.9,1.4,7
332,Onyeka Okongwu,C,23,ATL,19,0,23.3,3.2,5.6,0.57,0.3,1.1,0.238,2.9,4.5,0.651,0.593,2.2,2.5,0.854,2.5,4.1,6.6,1.4,0.5,0.8,0.8,2.7,8.8
333,Isaac Okoro,SF,23,CLE,11,5,24.4,2.9,5.8,0.5,0.7,1.9,0.381,2.2,3.9,0.558,0.563,0.9,1.4,0.667,1.3,2.4,3.6,1.7,1.1,0.5,0.8,2.5,7.5
334,Kelly Olynyk,C,32,UTA,19,1,21.1,2.6,4.5,0.581,0.8,1.8,0.471,1.8,2.7,0.654,0.674,1.5,1.7,0.879,1.9,3.6,5.5,3.7,0.8,0.2,1.9,2.9,7.6
335,Eugene Omoruyi,SF,26,WAS,11,0,6.8,2.1,3.3,0.639,0.5,1,0.455,1.6,2.3,0.72,0.708,1.1,1.5,0.75,0.8,1.1,1.9,0.7,0.5,0.1,0.5,0.9,5.7
336,Cedi Osman,SF,28,SAS,19,0,19.4,3.1,6.6,0.46,1.5,3.8,0.397,1.5,2.8,0.547,0.575,0.6,0.7,0.786,0.5,1.5,2,1.5,0.4,0.2,0.6,1.7,8.2
337,Kelly Oubre Jr.,SF,28,PHI,8,5,29,5.9,11.8,0.5,1.8,4.6,0.378,4.1,7.1,0.579,0.574,2.8,3.5,0.786,1.4,3.8,5.1,0.6,1.4,0.4,0.9,2.4,16.3
338,Chris Paul,PG,38,GSW,18,7,26.8,3.2,7.9,0.399,1.2,3.6,0.328,2,4.4,0.456,0.472,1.4,1.6,0.929,0.3,3.3,3.6,7.3,1.5,0.1,1.1,1.6,8.9
339,Cameron Payne,PG,29,MIL,20,2,17.2,2.4,5,0.485,1.3,2.9,0.448,1.1,2.1,0.537,0.616,0.4,0.4,1,0.1,1.4,1.4,2.4,0.4,0.1,0.8,2.2,6.5
340,Gary Payton II,SG,31,GSW,14,0,17.3,2.4,5.1,0.479,0.6,2,0.321,1.8,3.1,0.581,0.542,0.4,0.6,0.667,1.1,2.1,3.1,0.9,1.2,0.3,0.6,1.9,5.9
341,Filip Petrušev,C,23,TOT,3,0,3.3,0.3,0.7,0.5,0,0,,0.3,0.7,0.5,0.5,0.3,0.7,0.5,0,0.3,0.3,0,0,0,0,0.3,1
341,Filip Petrušev,C,23,PHI,1,0,3,0,0,,0,0,,0,0,,,0,0,,0,1,1,0,0,0,0,0,0
341,Filip Petrušev,C,23,SAC,2,0,3.5,0.5,1,0.5,0,0,,0.5,1,0.5,0.5,0.5,1,0.5,0,0,0,0,0,0,0,0.5,1.5
342,Julian Phillips,SF,20,CHI,10,0,4.8,0.3,1.3,0.231,0,0.6,0,0.3,0.7,0.429,0.231,0.1,0.4,0.25,0.1,0.6,0.7,0.4,0.1,0,0.1,0.6,0.7
343,Jalen Pickett,SG,24,DEN,11,0,6.7,0.8,1.8,0.45,0.5,1.3,0.357,0.4,0.5,0.667,0.575,0.2,0.2,1,0.1,0.8,0.9,0.6,0.3,0,0.5,0.6,2.3
344,Mason Plumlee,C,33,LAC,6,0,17,2,3.2,0.632,0,0,,2,3.2,0.632,0.632,1,2.3,0.429,1.3,4.2,5.5,1,0.7,0.2,0.8,1,5
345,Brandin Podziemski,SG,20,GSW,14,0,18.7,2.7,5.9,0.458,1.1,2.4,0.441,1.6,3.5,0.469,0.548,0.8,1.1,0.733,0.9,3.4,4.3,2.2,0.5,0.1,1,1.6,7.3
346,Jakob Poeltl,C,28,TOR,20,20,26.7,5.3,7.2,0.729,0,0,,5.3,7.2,0.729,0.729,0.9,1.8,0.486,2.8,5.7,8.5,2.3,0.9,1.1,1.7,2.8,11.4
347,Aleksej Pokusevski,PF,22,OKC,6,0,5.7,0.3,1.5,0.222,0.2,1,0.167,0.2,0.5,0.333,0.278,0.2,0.3,0.5,0.3,0.8,1.2,0.8,0,0.2,0.5,0.8,1
348,Jordan Poole,SG,24,WAS,18,18,29.4,6,15.3,0.391,1.9,6.6,0.286,4.1,8.7,0.471,0.453,3.3,3.8,0.855,0.5,2.3,2.8,3.5,1.2,0.4,2.8,3.2,17.2
349,Craig Porter Jr.,PG,23,CLE,13,1,13.7,2.8,5.1,0.561,0.2,0.5,0.429,2.6,4.5,0.576,0.583,1.2,1.7,0.727,0.2,1.5,1.8,2.3,0.5,0.4,1.1,1.2,7.2
350,Michael Porter Jr.,SF,25,DEN,21,21,31.5,6.7,14.1,0.476,2.9,7.6,0.381,3.8,6.5,0.588,0.579,1.1,1.5,0.742,1.7,6.4,8,1.8,0.5,0.8,1.2,2.3,17.4
351,Otto Porter Jr.,SF,30,TOR,9,1,12.2,1.1,2.6,0.435,0.8,1.8,0.438,0.3,0.8,0.429,0.587,0.1,0.1,1,0.7,1.8,2.4,0.1,0.3,0.3,0.1,1.1,3.1
352,Bobby Portis,PF,28,MIL,20,0,23.9,4.7,9.8,0.474,0.8,2.6,0.294,3.9,7.3,0.538,0.513,1.3,1.7,0.758,1.3,5.4,6.7,1.2,0.9,0.5,0.9,2.3,11.3
353,Kristaps Porzi??is,C,28,BOS,15,15,30.3,6.5,11.9,0.547,1.6,4.9,0.324,4.9,7,0.705,0.615,4.3,5.3,0.8,1.5,5.2,6.7,1.9,0.7,1.7,1.3,3.4,18.9
354,Dwight Powell,C,32,DAL,17,1,14.2,1.2,1.7,0.724,0.1,0.1,1,1.2,1.6,0.714,0.741,1.8,2.2,0.789,1.2,1.8,3,1.3,0.3,0.5,0.4,1.7,4.3
355,Norman Powell,SG,30,LAC,19,0,23.7,4,8.3,0.481,1.8,4,0.461,2.2,4.3,0.5,0.592,2.1,2.6,0.816,0.2,1.7,1.9,1,0.7,0.5,1.1,2.1,11.9
356,Taurean Prince,PF,29,LAL,19,19,29.9,3.3,7.8,0.416,1.5,4.5,0.341,1.7,3.4,0.516,0.513,0.6,0.8,0.75,0.3,2.1,2.4,1.5,0.6,0.4,0.7,2.3,8.7
357,Payton Pritchard,PG,26,BOS,19,0,20.8,2.4,6.1,0.391,1.3,3.8,0.333,1.1,2.3,0.488,0.496,0.5,0.7,0.769,1,2.2,3.2,2.9,0.4,0,0.6,1.1,6.5
358,Olivier-Maxence Prosper,PF,21,DAL,9,0,7.3,0.4,1.8,0.25,0.1,1.1,0.1,0.3,0.7,0.5,0.281,0.9,1.3,0.667,0.3,0.8,1.1,0.4,0.1,0,0,0.6,1.9
359,Neemias Queta,C,24,BOS,3,0,10.3,1.3,3.3,0.4,0,0,,1.3,3.3,0.4,0.4,1.3,1.7,0.8,2.7,3,5.7,0,0.3,0,0.7,0.7,4
360,Immanuel Quickley,SG,24,NYK,19,0,24.4,5.3,12.1,0.437,2.1,5.6,0.368,3.2,6.5,0.496,0.522,2.8,3.2,0.883,0.2,2.9,3.1,2.8,0.5,0.1,1.2,1.6,15.4
361,Lester Quinones,SG,23,GSW,2,0,4.5,1,3,0.333,0.5,2,0.25,0.5,1,0.5,0.417,0,0,,0,0,0,0,0,0,0.5,0.5,2.5
362,Julius Randle,PF,29,NYK,19,19,34.9,7.2,17.4,0.412,1.6,5.8,0.279,5.5,11.5,0.479,0.459,4.5,6.4,0.702,2.1,8.1,10.2,5.5,0.7,0.2,3.2,2.6,20.4
363,Duop Reath,C,27,POR,11,1,13.9,2.5,5.9,0.415,1.4,3.8,0.357,1.1,2.1,0.522,0.531,0.8,0.9,0.9,0.6,1.2,1.8,1.1,0.5,0.3,0.7,1.5,7.1
364,Austin Reaves,SG,25,LAL,21,8,29.5,4.8,10.2,0.465,1.2,4,0.313,3.5,6.3,0.561,0.526,3,3.5,0.849,0.9,3.8,4.7,4.7,1,0.1,2.4,1.5,13.7
365,Cam Reddish,SF,24,LAL,17,10,23.7,2.5,5.9,0.42,0.9,2.8,0.319,1.6,3.1,0.509,0.495,1.4,1.6,0.821,0.5,2.2,2.7,1.1,1.5,0.3,0.6,1.6,7.2
366,Paul Reed,C,24,PHI,19,1,14.7,2.5,4.2,0.595,0.2,0.5,0.444,2.3,3.7,0.614,0.62,0.3,0.4,0.75,1.8,2.6,4.4,1.1,0.5,0.6,0.8,2.1,5.5
367,Naz Reid,C,24,MIN,19,0,21.4,4.7,9.1,0.514,1.7,4.2,0.4,3,4.9,0.613,0.607,1.5,1.7,0.906,0.9,3.1,4,0.7,0.7,0.6,1.1,1.5,12.6
368,Jared Rhoden,SG,24,DET,5,0,6,1,1.8,0.556,0.2,0.8,0.25,0.8,1,0.8,0.611,0.4,0.4,1,0.2,0.6,0.8,0.6,0,0,0.4,0.8,2.6
369,Nick Richards,C,26,CHO,12,0,16.8,2.8,3.8,0.756,0,0,,2.8,3.8,0.756,0.756,2.4,3,0.806,1.5,4.2,5.7,0.4,0.4,1.2,1.1,2.8,8.1
370,Josh Richardson,SG,30,MIA,17,4,27.6,3.9,8.5,0.462,1.2,4.2,0.296,2.7,4.4,0.622,0.534,1.4,1.6,0.889,0.5,2.1,2.6,3.1,0.6,0.3,1.2,1.8,10.5
371,Duncan Robinson,SF,29,MIA,18,10,29.6,5.2,10.7,0.49,3.1,6.8,0.447,2.2,3.8,0.565,0.633,1.2,1.4,0.84,0.3,2.3,2.6,2.7,0.3,0.2,1,2.6,14.7
372,Jerome Robinson,SG,26,GSW,1,0,5,0,2,0,0,0,,0,2,0,0,0,0,,1,1,2,0,0,0,0,0,0
373,Mitchell Robinson,C,25,NYK,19,19,29.8,2.7,4.7,0.578,0,0,,2.7,4.7,0.578,0.578,0.7,1.9,0.389,5.6,5.2,10.7,0.5,1.5,1.4,0.9,1.9,6.2
374,Orlando Robinson,C,23,MIA,6,1,16,3,5.2,0.581,0.7,0.7,1,2.3,4.5,0.519,0.645,0.5,0.7,0.75,1.2,2.8,4,2,0.3,0.5,1,1.8,7.2
375,Jeremiah Robinson-Earl,PF,23,NOP,8,1,12.3,1.6,3.1,0.52,0.8,1.4,0.545,0.9,1.8,0.5,0.64,0.8,0.8,1,1,1.8,2.8,0.6,0.3,0,0.8,1.1,4.8
376,David Roddy,PF,22,MEM,19,4,23.7,3.4,7.8,0.432,1,3.3,0.306,2.4,4.5,0.523,0.497,0.6,0.9,0.706,1.1,3.1,4.2,1.1,0.6,0.4,0.9,1.6,8.4
377,Ryan Rollins,PG,21,WAS,8,0,6.1,1.1,2.3,0.5,0.1,0.3,0.5,1,2,0.5,0.528,1.6,2,0.813,0.3,1,1.3,1.3,1,0.3,0.9,0.8,4
378,Derrick Rose,PG,35,MEM,10,2,19,3.9,8.3,0.47,0.8,2.1,0.381,3.1,6.2,0.5,0.518,1.1,1.3,0.846,0.6,1.4,2,3.1,0.5,0.1,1.2,1.1,9.7
379,Terry Rozier,SG,29,CHO,9,9,36,8.6,18.4,0.464,2.2,6,0.37,6.3,12.4,0.509,0.524,3.2,4,0.806,0.6,3.1,3.7,6.6,1,0.3,2.6,1.4,22.6
380,Rayan Rupert,SG,19,POR,7,0,4.4,0.1,1.7,0.083,0.1,0.9,0.167,0,0.9,0,0.125,0.3,0.6,0.5,0.1,0,0.1,0.3,0.3,0,0.3,0.1,0.7
381,D'Angelo Russell,PG,27,LAL,21,21,30.9,6.4,13.2,0.487,2.2,5.5,0.409,4.2,7.7,0.543,0.572,2,2.6,0.782,0.4,3,3.4,6.6,0.8,0.6,1.8,2,17.1
382,Matt Ryan,SF,26,NOP,13,1,22.9,2.9,6.4,0.458,2.5,5.2,0.471,0.5,1.2,0.4,0.651,1,1.1,0.929,0.4,1.9,2.3,1.1,0.4,0.1,1.2,1.8,9.3
383,Domantas Sabonis,C,27,SAC,18,18,35.1,7.1,12.4,0.571,0.6,1.3,0.417,6.6,11.1,0.59,0.594,3.8,5.9,0.651,3.3,8.5,11.8,6.9,0.8,0.8,3.1,3.6,18.6
384,Luka Šamani?,PF,24,UTA,9,0,6.1,1,2.7,0.375,0.3,1.2,0.273,0.7,1.4,0.462,0.438,0.1,0.1,1,0.3,1.4,1.8,0.2,0.1,0.2,0.4,0.6,2.4
385,Jermaine Samuels,SF,25,HOU,5,0,5.8,0.4,0.8,0.5,0,0.4,0,0.4,0.4,1,0.5,0.4,0.4,1,0.2,1.2,1.4,0.4,0,0.2,0,0.6,1.2
386,Gui Santos,PF,21,GSW,2,0,6,1,2,0.5,0,0.5,0,1,1.5,0.667,0.5,0,0,,1,1,2,0.5,0,0,1,1,2
387,Dario Šari?,C,29,GSW,20,4,21.7,3.7,8.2,0.454,1.6,4.3,0.376,2.1,3.9,0.538,0.552,1.6,1.9,0.842,1.5,4.4,5.9,2.5,0.7,0.3,1.1,2.4,10.6
388,Olivier Sarr,C,24,OKC,5,0,10.8,0.6,1.2,0.5,0.4,0.6,0.667,0.2,0.6,0.333,0.667,0.8,1.2,0.667,0.8,3.2,4,0.2,0,1,0.4,2,2.4
389,Marcus Sasser,PG,23,DET,20,0,18.6,3.3,7.1,0.461,1.4,3.4,0.397,1.9,3.7,0.521,0.557,0.5,0.5,1,0.2,1.8,2,2.9,0.7,0.2,0.8,1.5,8.3
390,Admiral Schofield,PF,26,ORL,5,0,3.6,0.4,1.4,0.286,0.2,1.2,0.167,0.2,0.2,1,0.357,0,0.4,0,0,0.2,0.2,0.2,0,0,0.2,0.4,1
391,Dennis Schröder,PG,30,TOR,20,20,31.6,5.7,13,0.435,1.8,5.1,0.353,3.9,7.9,0.487,0.504,2.8,3.2,0.859,0.5,2.5,3,7,0.9,0.1,1.8,2,15.9
392,Dereon Seabron,SG,23,NOP,5,0,10.4,0.8,2.6,0.308,0.2,0.4,0.5,0.6,2.2,0.273,0.346,1,1.2,0.833,0.2,1.2,1.4,0.8,0.4,0.2,0,0.8,2.8
393,Alperen ?engün,C,21,HOU,17,17,32.7,8.6,16,0.54,0.9,2.8,0.319,7.8,13.2,0.587,0.568,2.8,4.2,0.676,2.6,6.5,9.2,5.5,0.9,0.8,2.5,3.1,21
394,Brice Sensabaugh,SF,20,UTA,1,0,2,0,2,0,0,0,,0,2,0,0,0,0,,1,1,2,0,0,0,0,0,0
395,Collin Sexton,SG,25,UTA,20,0,20.7,4.3,9.4,0.452,1.2,3.4,0.338,3.1,6,0.517,0.513,2.9,3.3,0.879,0.9,1.7,2.6,3.2,0.4,0.2,2.1,1.7,12.6
396,Landry Shamet,SG,26,WAS,15,0,16.9,3.2,6.7,0.475,1.6,4,0.4,1.6,2.7,0.585,0.594,0.3,0.7,0.455,0.1,1.3,1.4,1.5,0.6,0.1,0.6,2.1,8.3
397,Day'Ron Sharpe,C,22,BRK,19,0,15.7,2.6,4.5,0.57,0,0.2,0,2.6,4.3,0.598,0.57,1.4,2.2,0.634,2.3,4.2,6.4,0.8,0.4,0.7,1.1,2.2,6.5
398,Shaedon Sharpe,SG,20,POR,19,18,37,6.2,14.9,0.413,1.9,5.7,0.339,4.2,9.2,0.46,0.479,3.4,4.1,0.844,1.5,4.1,5.6,3.4,1.1,0.4,3.1,3.1,17.7
399,Ben Sheppard,SG,22,IND,9,0,6.4,1,2.4,0.409,0.6,1.7,0.333,0.4,0.8,0.571,0.523,0.2,0.2,1,0.1,0.4,0.6,0.6,0.1,0,0.1,0.7,2.8
400,Pascal Siakam,PF,29,TOR,20,20,34.3,7.7,16.2,0.477,0.8,4.1,0.198,6.9,12.1,0.57,0.502,3.8,5.1,0.745,1.7,5.5,7.2,5,0.8,0.2,2.7,2.3,20
401,Ben Simmons,PG,27,BRK,6,6,31.8,3.2,6,0.528,0,0,,3.2,6,0.528,0.528,0.2,0.7,0.25,2.7,8.2,10.8,6.7,0.5,0.8,2.5,2.7,6.5
402,Anfernee Simons,SG,24,POR,1,1,27,6,14,0.429,2,6,0.333,4,8,0.5,0.5,4,4,1,1,1,2,4,2,0,0,2,18
403,Jericho Sims,C,25,NYK,8,0,2.8,0.3,0.4,0.667,0,0,,0.3,0.4,0.667,0.667,0.1,0.4,0.333,0.1,1.1,1.3,0.1,0,0,0,0.1,0.6
404,Jalen Slawson,SF,24,SAC,4,0,4.3,0.5,0.8,0.667,0,0.3,0,0.5,0.5,1,0.667,0,0,,0,1,1,0.5,0,0.3,0.3,0.3,1
405,Marcus Smart,PG,29,MEM,11,11,29.9,4.6,10.8,0.429,1.6,5.5,0.295,3,5.3,0.569,0.504,1.5,1.9,0.81,0.3,2.2,2.5,5,2,0.4,3.4,3.2,12.5
406,Dennis Smith Jr.,PG,26,BRK,12,0,17.3,2.5,6.1,0.411,0.6,1.8,0.318,1.9,4.3,0.451,0.459,0.6,0.8,0.778,0.8,2.3,3,3.4,0.8,0.3,1,2.1,6.2
407,Dru Smith,SG,26,MIA,9,0,14.6,1.7,3.7,0.455,0.8,1.9,0.412,0.9,1.8,0.5,0.561,0.2,0.2,1,0.7,0.9,1.6,1.6,1,0.3,0.6,1.3,4.3
408,Ish Smith,PG,35,CHO,12,0,15.9,1.7,2.8,0.588,0.1,0.2,0.5,1.6,2.7,0.594,0.603,0,0,,0.3,1.6,1.9,2.3,0.4,0.1,1.3,1.2,3.4
409,Jabari Smith Jr.,PF,20,HOU,17,17,30.2,5.3,10.5,0.506,1.7,4.8,0.358,3.6,5.7,0.629,0.587,1,1.4,0.739,1.5,6.4,7.8,1.5,0.6,0.8,1.3,3.4,13.3
410,Jalen Smith,C,23,IND,14,0,15.4,3.8,5.4,0.707,1,1.5,0.667,2.8,3.9,0.722,0.8,1.4,1.9,0.741,1.4,4.1,5.5,0.9,0.4,0.3,1.1,2.1,10
411,Nick Smith Jr.,SG,19,CHO,8,0,7.1,1.5,3.1,0.48,1,1.5,0.667,0.5,1.6,0.308,0.64,0,0,,0.3,0.4,0.6,0.3,0.1,0.3,0.3,0.6,4
412,Jeremy Sochan,PG,20,SAS,19,19,29,4.5,10,0.447,0.9,2.2,0.429,3.5,7.8,0.453,0.495,1.8,2.3,0.791,1.5,3.9,5.4,4.4,0.7,0.2,2.4,2.9,11.7
413,Jaden Springer,SG,21,PHI,11,0,11.5,1.2,3.4,0.351,0.3,1.1,0.25,0.9,2.3,0.4,0.392,0.5,0.7,0.75,1.1,0.9,2,0.9,0.5,0.5,1.1,1.6,3.2
414,Lamar Stevens,PF,26,BOS,6,0,3.3,0.7,1.2,0.571,0.2,0.2,1,0.5,1,0.5,0.643,0,0,,0.7,0.3,1,0.3,0.2,0.2,0.5,0.7,1.5
415,Isaiah Stewart,PF,22,DET,20,20,31.3,4.2,9.3,0.449,1.5,4.1,0.37,2.7,5.2,0.51,0.53,1.4,1.7,0.794,2,5.2,7.2,1.4,0.4,0.7,1.8,2.4,11.2
416,Julian Strawther,SF,21,DEN,18,0,12.6,1.9,4.9,0.382,1.1,3.3,0.322,0.8,1.7,0.5,0.489,0.4,0.6,0.7,0.1,1.2,1.2,1,0.3,0.3,0.2,1.6,5.2
417,Max Strus,SF,27,CLE,20,20,35.3,5.3,12,0.439,2.9,7.7,0.379,2.4,4.3,0.547,0.561,1,1.2,0.826,0.7,4.8,5.5,4,1,0.7,1.6,2.7,14.4
418,Jalen Suggs,SG,22,ORL,19,19,26.9,4.4,9.7,0.454,1.6,4.4,0.369,2.8,5.3,0.525,0.538,2.3,2.8,0.815,0.7,2.9,3.6,2.7,1.9,0.6,2.1,3,12.8
419,Cole Swider,SF,24,MIA,3,0,9.7,2,4.7,0.429,1.3,3.7,0.364,0.7,1,0.667,0.571,0,0,,0,0.3,0.3,1,0.3,0.3,0.3,0.3,5.3
420,Jae'Sean Tate,SF,28,HOU,16,0,18.5,2.3,4.6,0.507,0.7,1.9,0.355,1.6,2.6,0.619,0.582,0.5,0.6,0.8,1,2.8,3.8,1.3,1.1,0.3,0.3,2.8,5.8
421,Jayson Tatum,PF,25,BOS,19,19,36.5,9.5,19.1,0.499,3.1,8.6,0.362,6.4,10.5,0.61,0.58,5.2,6.5,0.805,0.7,8,8.7,4.1,1.1,0.4,3.4,2.2,27.4
422,Terry Taylor,PF,24,CHI,5,0,2.4,0.2,0.2,1,0,0,,0.2,0.2,1,1,0,0,,0,0.2,0.2,0,0.2,0,0,0,0.4
423,Garrett Temple,SG,37,TOR,5,0,3.2,0.8,1,0.8,0.2,0.2,1,0.6,0.8,0.75,0.9,0.4,0.4,1,0,0.4,0.4,0.4,0.2,0,0,0,2.2
424,Dalen Terry,SG,21,CHI,6,0,3.8,0.5,1.5,0.333,0.2,0.7,0.25,0.3,0.8,0.4,0.389,0,0.3,0,0.3,1.3,1.7,0.7,0,0.2,0.2,0.3,1.2
425,Daniel Theis,C,31,TOT,10,0,16.3,3.1,6.6,0.47,0.3,0.9,0.333,2.8,5.7,0.491,0.492,0.5,1,0.5,1.7,2.1,3.8,1.2,0.3,0.8,0.6,2.6,7
425,Daniel Theis,C,31,IND,1,0,8,1,4,0.25,0,1,0,1,3,0.333,0.25,0,0,,0,0,0,0,0,0,0,1,2
425,Daniel Theis,C,31,LAC,9,0,17.2,3.3,6.9,0.484,0.3,0.9,0.375,3,6,0.5,0.508,0.6,1.1,0.5,1.9,2.3,4.2,1.3,0.3,0.9,0.7,2.8,7.6
426,Cam Thomas,SG,22,BRK,10,8,32.2,9.7,20.9,0.464,2.3,6.7,0.343,7.4,14.2,0.521,0.519,4.4,5.2,0.846,0.2,3.7,3.9,2.3,0.7,0.6,1.3,1.9,26.1
427,Amen Thompson,SF,21,HOU,4,0,16.8,2.3,5.5,0.409,0.5,2.8,0.182,1.8,2.8,0.636,0.455,1.3,2,0.625,0.3,2.5,2.8,1.5,0.5,0.3,1.5,2.3,6.3
428,Ausar Thompson,SF,21,DET,20,18,28.3,4.5,9.7,0.461,0.3,1.9,0.135,4.2,7.8,0.538,0.474,1.5,2.2,0.698,3.2,6,9.1,2.7,1,1.5,2.2,3.8,10.7
429,Klay Thompson,SF,33,GSW,19,19,29.8,5.4,13.4,0.406,2.8,7.7,0.361,2.6,5.6,0.467,0.51,2.1,2.4,0.87,0.6,3.2,3.8,2.3,0.4,0.6,2,2.3,15.7
430,Tristan Thompson,PF,32,CLE,15,0,8.8,1,1.5,0.682,0,0,,1,1.5,0.682,0.682,0.3,0.9,0.385,1.1,1.3,2.5,0.7,0.1,0.3,0.5,0.9,2.3
431,JT Thor,PF,21,CHO,17,1,16.5,1.5,3.6,0.419,0.7,1.9,0.364,0.8,1.7,0.483,0.516,0,0.2,0,0.8,2.1,2.9,0.6,0.2,0.3,0.2,1.2,3.8
432,Matisse Thybulle,SF,26,POR,19,9,22.7,2.2,4.7,0.472,1.4,3.7,0.386,0.8,1,0.789,0.624,0.3,0.4,0.75,0.3,1.3,1.6,1.2,1.4,0.8,0.7,1.2,6.2
433,Xavier Tillman Sr.,C,25,MEM,9,5,23.9,3.3,8.2,0.405,0.8,2.8,0.28,2.6,5.4,0.469,0.453,0.4,1,0.444,1.6,3.9,5.4,2.1,1.4,1,1.2,2.2,7.9
434,Obi Toppin,PF,25,IND,18,17,24.9,5.2,8.6,0.61,1.2,3.4,0.361,4,5.2,0.774,0.682,1.4,1.8,0.813,0.9,2.2,3.1,1.3,0.7,0.6,0.8,2,13.1
435,Karl-Anthony Towns,PF,28,MIN,19,19,33.5,8.1,16.1,0.503,2.2,5.2,0.418,5.9,10.9,0.543,0.57,3.8,4.2,0.911,1.1,7.9,9,3.1,0.9,0.7,2.9,3.4,22.2
436,Gary Trent Jr.,SG,25,TOR,17,2,25.8,4.1,10.2,0.399,1.9,5.2,0.364,2.2,5,0.435,0.491,1,1.8,0.567,0.2,1.8,2,1.3,0.8,0.1,0.6,1.1,11
437,P.J. Tucker,PF,38,TOT,15,3,15.9,0.4,1.3,0.316,0.3,1.1,0.313,0.1,0.2,0.333,0.447,0.2,0.2,1,1.1,1.8,2.9,0.5,0.6,0.2,0.3,2.3,1.3
437,P.J. Tucker,PF,38,PHI,3,3,22,0.7,1.7,0.4,0.7,1.7,0.4,0,0,,0.6,0,0,,0.3,4.3,4.7,0,1,0.7,0.7,3,2
437,P.J. Tucker,PF,38,LAC,12,0,14.4,0.3,1.2,0.286,0.3,0.9,0.273,0.1,0.3,0.333,0.393,0.3,0.3,1,1.3,1.2,2.4,0.7,0.5,0.1,0.2,2.2,1.2
438,Myles Turner,C,27,IND,18,18,26.8,6.1,11.8,0.512,1.4,4.2,0.329,4.7,7.6,0.613,0.57,3.1,4,0.778,1.8,5.9,7.8,1.4,0.6,2.1,1.5,3.5,16.6
439,Hunter Tyson,PF,23,DEN,7,0,2.6,0.1,0.6,0.25,0,0.4,0,0.1,0.1,1,0.25,0,0,,0,0.6,0.6,0.1,0,0,0,0.7,0.3
440,Stanley Umude,SG,24,DET,15,0,10.3,1.3,2.9,0.455,0.9,1.8,0.519,0.4,1.1,0.353,0.614,1.4,1.5,0.913,0.2,1.7,1.9,0.5,0.3,0.3,0.7,1.6,5
441,Jonas Valan?i?nas,C,31,NOP,21,21,26.7,5.5,9.7,0.564,0.7,1.9,0.375,4.8,7.8,0.61,0.6,2.3,2.9,0.803,2.3,6.7,9,2.4,0.4,1.3,1.2,3.1,14
442,Jarred Vanderbilt,PF,24,LAL,1,0,14,0,2,0,0,2,0,0,0,,0,0,0,,1,3,4,1,0,0,0,1,0
443,Fred VanVleet,PG,29,HOU,16,16,37.8,5.6,14.2,0.392,3.1,8.1,0.377,2.5,6.1,0.412,0.5,2.3,2.6,0.902,0.3,3.9,4.2,9.1,0.7,0.4,1.6,1.8,16.5
444,Devin Vassell,SG,23,SAS,14,8,28.1,6.6,13.3,0.495,2.7,6.6,0.409,3.9,6.6,0.581,0.597,2.4,3.1,0.791,0.4,2.8,3.2,2.7,1,0.1,1.5,1.1,18.3
445,Sasha Vezenkov,PF,28,SAC,15,0,14.5,2.3,5.3,0.438,1.3,3.5,0.377,1,1.8,0.556,0.563,0.3,0.4,0.667,0.3,2,2.3,0.3,0.4,0.3,0.3,1.2,6.3
446,Gabe Vincent,PG,27,LAL,4,0,28.3,2.8,7,0.393,0.3,3.5,0.071,2.5,3.5,0.714,0.411,0.3,0.5,0.5,0.5,0.5,1,3,1.5,0,0.5,2.5,6
447,Nikola Vu?evi?,C,33,CHI,21,21,34.3,6.7,14.7,0.453,0.9,3.5,0.243,5.8,11.2,0.519,0.482,1.4,1.7,0.833,2.5,7.5,10,3.2,0.9,0.7,1.8,2.9,15.6
448,Dean Wade,PF,27,CLE,13,7,20.3,1,3.1,0.325,0.9,2.9,0.316,0.1,0.2,0.5,0.475,0.2,0.3,0.5,0.9,3.2,4.1,0.8,0.8,0.2,0.4,2.2,3.1
449,Franz Wagner,SF,22,ORL,20,20,32.9,7.7,16.4,0.466,1.7,5.1,0.327,6,11.4,0.529,0.517,3.8,4.5,0.843,1.2,4.6,5.8,3.5,1.1,0.4,1.8,2.2,20.7
450,Moritz Wagner,C,26,ORL,20,0,19.5,5,7.9,0.633,0.7,1.8,0.371,4.4,6.2,0.707,0.674,2.4,2.9,0.825,1.6,2.8,4.3,1.2,0.5,0.5,1.4,2.5,13
451,Ish Wainright,SF,29,POR,2,0,2.5,0,0.5,0,0,0.5,0,0,0,,0,0,0,,0,0,0,0,0.5,0,0,0.5,0
452,Jabari Walker,SF,21,POR,19,0,17.4,2.7,6,0.447,0.5,2,0.263,2.2,4,0.539,0.491,1.1,1.5,0.724,1.5,3.4,4.8,0.6,0.8,0.4,0.9,2.2,7
453,Jarace Walker,PF,20,IND,5,0,8.2,1.4,3.6,0.389,0,1,0,1.4,2.6,0.538,0.389,0.6,0.6,1,0.2,1.4,1.6,1.2,0.4,0.4,0.2,0.8,3.4
454,Lonnie Walker IV,SG,25,BRK,17,0,21.3,5.2,10.6,0.489,2.6,5.6,0.463,2.6,5,0.518,0.611,1.7,2.2,0.763,0.2,2.5,2.6,1.6,0.6,0.4,1.5,0.9,14.6
455,Cason Wallace,SG,20,OKC,19,4,21.9,2.9,4.8,0.598,1.1,2.1,0.525,1.8,2.7,0.654,0.712,0.6,0.7,0.846,0.6,1.8,2.4,1.4,0.5,0.4,0.5,1.6,7.5
456,P.J. Washington,PF,25,CHO,17,12,31.6,5.5,12.6,0.435,2,6.1,0.327,3.5,6.5,0.536,0.514,1.5,2.1,0.714,1.2,4.2,5.4,2.4,0.6,0.9,1.5,2.7,14.4
457,TyTy Washington Jr.,PG,22,MIL,2,0,3,0.5,1.5,0.333,0.5,1,0.5,0,0.5,0,0.5,0,0,,0,0.5,0.5,0,0.5,0,1,0,1.5
458,Yuta Watanabe,SF,29,PHO,15,0,17.9,1.6,4.4,0.364,1.3,3.5,0.365,0.3,0.9,0.357,0.508,0.6,0.9,0.692,0.6,1.7,2.3,0.5,0.4,0.4,0.9,1.7,5.1
459,Lindy Waters III,SG,26,OKC,8,0,7.8,1,2.3,0.444,0.9,2.1,0.412,0.1,0.1,1,0.639,0,0,,0.1,0.6,0.8,0.6,0,0.1,0,0.5,2.9
460,Trendon Watford,PF,23,BRK,13,0,14.2,2.8,5.4,0.529,0.4,1,0.385,2.5,4.4,0.561,0.564,0.7,0.8,0.9,1.2,2.5,3.8,1.8,0.5,0.2,1.2,2.2,6.8
461,Peyton Watson,SF,21,DEN,19,0,15,1.9,3.8,0.507,0.2,1,0.211,1.7,2.8,0.611,0.534,0.4,0.8,0.5,0.4,1.5,1.9,0.7,0.5,1,0.6,1.4,4.5
462,Victor Wembanyama,PF,20,SAS,18,18,30,7.2,16.4,0.437,1.4,5.3,0.271,5.7,11.1,0.518,0.481,3.5,4.2,0.829,2.1,7.6,9.7,2.6,1.3,2.7,3.5,2.6,19.3
463,Blake Wesley,SG,20,SAS,5,0,4.8,0.6,1.6,0.375,0,0.2,0,0.6,1.4,0.429,0.375,0.2,0.4,0.5,0.2,0.2,0.4,1,0,0.2,0.2,0.6,1.4
464,Russell Westbrook,PG,35,LAC,19,10,26.7,4.7,10.9,0.435,0.7,2.7,0.275,4,8.2,0.487,0.469,1.8,2.8,0.63,1.5,5.1,6.6,5.3,1.3,0.3,2.3,2.4,12
465,Coby White,PG,23,CHI,21,21,33.2,5.3,12.4,0.427,2.9,7.1,0.403,2.4,5.3,0.459,0.542,1.6,1.9,0.846,0.4,2.8,3.1,4.2,0.9,0.3,1.9,2.9,15
466,Derrick White,SG,29,BOS,16,16,32.2,4.5,9.6,0.468,2.2,5.4,0.407,2.3,4.3,0.544,0.581,3.1,3.6,0.862,0.7,3.2,3.9,5.1,1.1,0.8,1.8,2.3,14.3
467,Cam Whitmore,SF,19,HOU,5,0,6.4,1.4,3,0.467,0.2,1,0.2,1.2,2,0.6,0.5,1,2,0.5,0.2,1.4,1.6,0.4,0.2,0,0.4,0.4,4
468,Aaron Wiggins,SG,25,OKC,17,0,11.8,1.7,2.9,0.58,0.5,1.2,0.45,1.2,1.8,0.667,0.67,0.7,1,0.706,0.5,1.6,2.1,0.8,0.4,0.1,0.5,0.9,4.6
469,Andrew Wiggins,SF,28,GSW,18,18,27.2,5.1,11.7,0.433,0.9,3.3,0.267,4.2,8.3,0.5,0.471,1.8,3,0.593,1.9,2.4,4.4,1.2,0.3,0.4,1.8,2.6,12.8
470,Lindell Wigginton,PG,25,MIL,1,0,2,0,1,0,0,1,0,0,0,,0,0,0,,0,0,0,0,0,0,1,1,0
471,Grant Williams,PF,25,DAL,19,19,28.8,3.3,7.7,0.422,2.3,5.6,0.406,1,2.2,0.463,0.568,1.1,1.6,0.645,1.2,2.6,3.7,1.7,0.3,0.6,0.9,2.6,9.8
472,Jalen Williams,PF,22,OKC,16,16,32.8,6.5,12.9,0.505,1.1,3.1,0.36,5.4,9.8,0.551,0.549,3.5,4,0.875,0.3,3.8,4.1,3.9,0.8,0.3,1.9,3.1,17.6
473,Jaylin Williams,C,21,OKC,14,0,13.4,1.6,4,0.393,0.9,2.4,0.364,0.7,1.6,0.435,0.5,0.5,0.6,0.875,0.6,3.2,3.9,1.6,0.4,0.1,0.4,1.8,4.5
474,Jeenathan Williams,SG,24,HOU,4,0,5.5,1.5,2.8,0.545,0,0.5,0,1.5,2.3,0.667,0.545,0.3,0.5,0.5,0,0,0,0.5,0.3,0,0,0.5,3.3
475,Kenrich Williams,PF,29,OKC,9,0,16.7,2.2,4.1,0.541,0.9,1.7,0.533,1.3,2.4,0.545,0.649,0.3,0.9,0.375,0.9,2.1,3,1.8,0.4,0,0.3,2.2,5.7
476,Mark Williams,C,22,CHO,18,18,27.1,5.3,8.2,0.653,0,0,,5.3,8.2,0.653,0.653,2.6,3.6,0.719,4.1,5.9,10.1,1.2,0.8,1,0.9,2.7,13.2
477,Patrick Williams,PF,22,CHI,21,11,24.7,3,7.2,0.408,1,3.1,0.318,2,4.1,0.477,0.477,1.1,1.5,0.75,1,2.8,3.9,1.2,1,0.9,1.1,1.5,8
478,Robert Williams,C,26,POR,6,0,19.8,2.8,4.3,0.654,0,0,,2.8,4.3,0.654,0.654,1.2,1.5,0.778,1.8,4.5,6.3,0.8,1.2,1.2,1.2,2.8,6.8
479,Vince Williams Jr.,SG,23,MEM,11,0,13.7,1.4,3.1,0.441,0.8,2.5,0.333,0.5,0.6,0.857,0.574,1.1,1.2,0.923,0.5,2.8,3.3,1.2,0.3,0.6,0.5,2.2,4.6
480,Ziaire Williams,SF,22,MEM,17,8,22.4,3.1,7.8,0.391,1.4,3.8,0.354,1.7,4,0.426,0.477,1.2,1.4,0.875,0.7,3.8,4.5,1.4,0.5,0.3,1.4,2,8.7
481,Zion Williamson,PF,23,NOP,17,17,31.4,9.2,16.2,0.567,0.1,0.2,0.5,9.1,15.9,0.568,0.571,5,7.5,0.664,2,3.8,5.8,4.9,1.1,0.3,2.6,2.5,23.5
482,Jalen Wilson,PF,23,BRK,2,0,3.5,0,0.5,0,0,0,,0,0.5,0,0,0,0,,0,0.5,0.5,0,0,0.5,0,0,0
483,Dylan Windler,SF,27,NYK,3,0,2.3,0.3,0.7,0.5,0.3,0.7,0.5,0,0,,0.75,0,0,,0,0.3,0.3,0.3,0,0,0,0.3,1
484,James Wiseman,C,22,DET,10,0,11.1,2.4,3.7,0.649,0,0.1,0,2.4,3.6,0.667,0.649,0.6,1.1,0.545,1,2.2,3.2,0.3,0.1,0.3,0.8,1.8,5.4
485,Christian Wood,PF,28,LAL,21,1,20.2,2.4,5.5,0.443,0.7,2.5,0.269,1.8,3,0.587,0.504,1.5,2.1,0.689,0.9,5,5.9,0.8,0.2,0.6,1.3,1.8,7
486,Delon Wright,PG,31,WAS,8,0,17.6,1.4,3.8,0.367,0.5,1.4,0.364,0.9,2.4,0.368,0.433,1.8,2,0.875,0.4,2.1,2.5,4.4,1.6,0.1,0.5,0.8,5
487,Thaddeus Young,PF,35,TOR,3,0,3.3,0.7,1.3,0.5,0,0,,0.7,1.3,0.5,0.5,0,0.7,0,0.3,0.7,1,1,0,0,0.3,0,1.3
,,,,,,,,,,,,,,,,,,,,,,,,,,,,,
